frq,word
4867,the
4586,to
3482,you
3421,and
2843,of
1951,for
1923,in
1872,your
1726,this
1502,is
1121,that
956,with
937,it
919,or
894,are
878,on
852,be
844,from
835,will
832,we
786,have
747,our
740,not
732,as
707,free
676,if
587,all
549,my
546,money
538,can
523,by
498,no
492,do
461,here
459,please
443,out
441,mail
436,more
428,get
423,an
419,at
401,click
391,list
374,business
367,one
363,only
351,information
349,time
344,any
331,make
330,us
329,people
325,now
302,name
294,just
291,was
287,new
285,how
283,report
283,address
282,send
276,up
274,receive
274,me
264,so
263,order
246,has
237,who
223,de
221,over
220,home
215,what
214,about
207,but
204,want
203,company
196,program
195,don
194,they
193,there
193,their
187,also
182,been
179,day
178,million
177,like
174,wish
174,below
172,need
172,each
169,help
168,would
168,may
167,offer
166,government
166,form
165,these
165,go
163,today
163,life
162,them
161,work
161,because
159,other
155,best
154,price
150,year
150,when
150,software
150,grants
149,remove
149,am
148,than
147,contact
145,made
143,use
143,own
143,message
141,removed
140,which
140,computer
139,cash
137,guide
136,special
134,then
133,within
132,take
131,orders
131,marketing
131,know
131,dollars
131,after
130,those
129,received
127,every
125,right
125,per
124,his
123,through
122,link
121,should
120,service
120,many
120,mailing
120,income
120,credit
120,call
119,mails
118,start
118,into
117,state
117,much
117,addresses
116,sent
116,most
116,investment
116,first
115,future
115,days
113,see
113,number
112,save
112,must
112,fax
112,easy
111,services
111,pay
111,buy
110,years
110,web
110,very
110,before
109,does
108,total
108,simple
108,he
108,available
107,reply
106,market
105,well
105,insurance
105,country
105,access
104,financial
103,where
103,had
102,way
102,sites
101,phone
99,find
98,some
98,looking
98,few
98,again
97,step
97,programs
97,following
97,account
96,hours
95,opportunity
95,next
95,even
95,down
94,never
94,being
93,thousands
93,site
93,risk
93,complete
91,system
91,offers
90,transaction
90,month
90,further
89,visit
89,line
88,without
88,plus
88,personal
87,give
86,names
85,re
85,legal
85,keep
84,subject
84,sending
83,security
83,fill
83,could
82,weeks
81,un
81,opt
80,membership
80,et
80,domain
79,response
79,required
79,product
79,includes
78,trading
78,professional
78,mailings
77,shipping
77,products
77,interest
77,great
77,back
76,real
76,low
76,learn
76,high
75,removal
75,ever
75,en
75,copy
74,using
74,users
74,receiving
74,companies
73,purchase
73,instructions
73,full
73,deal
73,anyone
72,yes
72,week
72,simply
72,rates
72,provide
72,private
72,months
72,interested
72,change
72,bank
71,sure
71,card
71,based
70,once
70,let
70,grant
69,valuable
69,old
69,info
68,world
68,such
68,remember
68,read
68,fund
68,family
68,easily
68,des
68,absolutely
67,why
67,making
67,live
67,letter
67,last
67,advertising
67,above
66,put
66,bulk
65,yours
65,while
65,two
65,reports
65,la
65,group
65,error
65,city
64,net
64,follow
64,dear
64,check
64,better
63,yourself
63,sell
63,same
63,good
63,cost
62,thank
62,rate
62,limited
61,were
61,little
61,contains
60,subscription
60,long
60,drive
60,direct
60,allow
59,states
59,come
59,assistance
58,top
58,father
57,united
57,protect
57,invest
57,immediately
57,going
57,believe
56,important
55,under
55,plan
55,person
55,paid
55,office
55,off
55,its
55,include
55,five
54,try
54,started
54,mortgage
54,guarantee
54,code
53,support
53,success
53,sales
53,request
53,part
53,black
52,president
52,pour
52,lose
52,less
52,later
52,hundreds
52,federal
52,earn
52,did
52,currently
52,box
51,transfer
51,news
51,move
51,member
51,control
51,adult
50,value
50,small
50,policy
50,least
50,during
50,book
49,since
49,note
49,current
49,age
48,working
48,via
48,too
48,say
48,general
48,course
48,car
47,show
47,quick
47,late
47,different
47,amount
47,act
46,search
46,place
46,numbers
46,become
45,video
45,used
45,term
45,sum
45,stock
45,prices
45,lifetime
45,individuals
45,due
45,both
45,bonus
44,registered
44,packed
44,package
44,loan
44,got
44,fact
43,unsolicited
43,true
43,successful
43,mind
43,feel
43,feature
43,case
43,assist
42,works
42,six
42,questions
42,quality
42,notice
42,method
42,her
42,claim
42,apply
42,ad
41,still
41,increase
41,including
41,content
41,away
41,always
40,until
40,think
40,self
40,secret
40,register
40,possible
40,nothing
40,members
40,instead
40,industry
40,communication
40,approved
40,another
39,thing
39,seen
39,retail
39,look
39,friends
39,foreign
39,finally
39,fees
39,customers
39,benefit
38,type
38,secure
38,really
38,process
38,party
38,millions
38,lowest
38,large
38,friend
38,da
38,continue
38,anything
37,trust
37,tell
37,something
37,she
37,said
37,processing
37,ordering
37,national
37,join
37,independent
37,decided
37,data
37,commission
37,body
37,around
36,sincerely
36,share
36,ready
36,profitable
36,past
36,lot
36,international
36,experience
36,em
36,coach
36,answer
36,against
35,understand
35,son
35,sir
35,matter
35,included
35,forward
35,estate
35,doing
35,client
35,charge
35,backup
34,whether
34,viruses
34,telephone
34,standard
34,social
34,sex
34,loans
34,huge
34,however
34,hard
34,funds
34,entire
34,end
34,daily
34,already
33,warranty
33,training
33,trade
33,technology
33,quote
33,paper
33,motivated
33,minutes
33,manual
33,longer
33,immediate
33,growing
33,given
33,fortune
33,effort
33,done
33,details
33,came
33,application
32,toll
32,property
32,potential
32,partner
32,opportunities
32,obligation
32,coming
32,cannot
32,businesses
32,bills
31,suite
31,south
31,several
31,set
31,selling
31,secrets
31,run
31,repair
31,position
31,page
31,original
31,instructed
31,india
31,idea
31,fast
31,enter
31,discover
31,bill
31,anywhere
30,whole
30,utilities
30,tools
30,terms
30,second
30,regards
30,reason
30,payment
30,others
30,management
30,intended
30,everything
30,delete
30,contracts
30,care
30,advertisement
30,ads
29,waiting
29,thousand
29,results
29,reading
29,profit
29,problems
29,ordered
29,opted
29,knowledge
29,health
29,having
29,happy
29,getting
29,fee
29,customer
29,average
28,women
28,times
28,subscribed
28,sold
28,shop
28,school
28,savings
28,recently
28,participate
28,manager
28,major
28,involved
28,edition
28,choice
28,botanical
28,additional
28,able
27,yet
27,write
27,word
27,wait
27,upon
27,trader
27,therefore
27,serious
27,print
27,male
27,job
27,instant
27,insider
27,found
27,either
27,countries
27,compare
27,accept
26,thanks
26,teach
26,return
26,public
26,proposal
26,paying
26,needs
26,moment
26,laws
26,hundred
26,guides
26,goes
26,fastest
26,extended
26,exactly
26,contract
26,completely
26,buying
26,big
26,attention
26,association
26,advantage
25,zowie
25,white
25,view
25,track
25,tax
25,superior
25,soon
25,someone
25,shall
25,rights
25,republic
25,reach
25,qualified
25,proven
25,promotion
25,perfect
25,passed
25,partners
25,men
25,living
25,improvement
25,hour
25,generate
25,fully
25,enough
25,deposited
25,death
25,date
25,confidential
25,clients
25,center
25,capital
25,ask
25,actually
24,urgent
24,thinking
24,stop
24,sign
24,responded
24,needed
24,movies
24,legally
24,half
24,forms
24,face
24,excellent
24,deposit
24,buyers
24,billion
24,attained
23,young
23,writing
23,willing
23,weight
23,unwanted
23,things
23,test
23,taken
23,sweet
23,signed
23,resources
23,qualify
23,problem
23,present
23,panel
23,owners
23,open
23,minute
23,might
23,means
23,lists
23,kindly
23,husband
23,hot
23,guidelines
23,extra
23,excess
23,compliance
23,comes
23,combined
23,career
23,auto
23,along
23,agent
23,accepted
22,three
22,strongly
22,statements
22,seven
22,profits
22,plans
22,newsletter
22,natural
22,moved
22,makes
22,level
22,lenders
22,kind
22,improve
22,hi
22,girls
22,files
22,everyone
22,display
22,copyright
22,confidence
22,affiliate
22,advice
21,venture
21,tobacco
21,talk
21,street
21,store
21,situation
21,short
21,securities
21,sale
21,research
21,provided
21,powerful
21,postal
21,performance
21,love
21,internal
21,hence
21,exchange
21,example
21,directed
21,debt
21,corporation
21,community
21,choose
21,called
21,bonuses
21,auction
21,area
21,almost
20,turn
20,though
20,strategies
20,starting
20,shows
20,requests
20,properties
20,profiled
20,probably
20,premium
20,poker
20,point
20,penis
20,mailed
20,listed
20,four
20,floppy
20,farmers
20,far
20,fall
20,discount
20,department
20,democratic
20,delivery
20,decide
20,create
20,correspondence
20,congo
20,comprehensive
20,commissions
20,chance
20,cable
20,build
20,broker
20,bottom
20,books
20,benefits
20,beat
20,avoid
20,air
20,add
19,worldwide
19,watch
19,version
19,valid
19,tab
19,specific
19,section
19,safely
19,rich
19,requesting
19,power
19,paste
19,offering
19,obtained
19,millionaire
19,loss
19,investors
19,interactive
19,house
19,hope
19,happen
19,fun
19,figure
19,events
19,ensure
19,education
19,dollar
19,digital
19,died
19,destructive
19,cut
19,count
19,checks
19,central
19,cards
19,brand
19,annuity
18,worth
18,washington
18,wanted
18,tool
18,took
18,smoking
18,safe
18,refinance
18,question
18,prompt
18,promise
18,pricing
18,post
18,play
18,payments
18,par
18,network
18,master
18,lower
18,investing
18,intro
18,integral
18,ideas
18,honor
18,grand
18,farm
18,expenses
18,envelope
18,employed
18,earnings
18,documents
18,delay
18,costs
18,cooperation
18,confidentiality
18,class
18,children
18,browser
18,beneficiary
18,attorney
18,although
18,added
18,accounts
17,worst
17,wonderful
17,win
17,ways
17,vast
17,user
17,tried
17,third
17,technical
17,road
17,result
17,respect
17,prey
17,porn
17,pocket
17,planning
17,owner
17,necessary
17,mistakes
17,miss
17,media
17,madam
17,local
17,left
17,known
17,hazardous
17,game
17,freedom
17,firm
17,extremely
17,expect
17,engines
17,domains
17,discovered
17,director
17,directly
17,diagnostics
17,commercial
17,claims
17,charges
17,asp
17,apologies
17,aid
17,agents
17,advertise
16,windows
16,wealth
16,tremendous
16,totally
16,skills
16,shape
16,release
16,recommendation
16,quotes
16,popular
16,pamphlet
16,negative
16,na
16,movie
16,mother
16,manage
16,man
16,limit
16,leave
16,joined
16,john
16,issued
16,id
16,hidden
16,forum
16,followed
16,financially
16,excluded
16,currency
16,contained
16,congratulations
16,colleagues
16,clicking
16,child
16,campaign
16,bottle
16,between
16,alone
16,advertisers
16,action
15,whose
15,west
15,weekly
15,truth
15,told
15,title
15,tips
15,testimonials
15,teen
15,takes
15,super
15,subscribers
15,subscriber
15,similar
15,shown
15,sheets
15,sensitive
15,rest
15,require
15,regular
15,regarding
15,recording
15,privacy
15,password
15,notified
15,north
15,monthly
15,minimum
15,military
15,mean
15,materials
15,largest
15,larger
15,kit
15,introduce
15,instruction
15,initial
15,him
15,held
15,heard
15,god
15,ghetto
15,file
15,female
15,exciting
15,exact
15,equity
15,electronic
15,effective
15,economic
15,drops
15,development
15,contacts
15,consignment
15,cancer
15,california
15,boxes
15,beautiful
15,basic
15,bad
15,aqueous
15,alter
15,aging
14,wholesale
14,train
14,thought
14,team
14,taking
14,tablets
14,strictly
14,steps
14,stated
14,sound
14,solutions
14,size
14,shopping
14,shares
14,settlement
14,server
14,select
14,satisfaction
14,revenues
14,residents
14,purpose
14,pro
14,previously
14,presently
14,pounds
14,postage
14,political
14,placing
14,pipe
14,pa
14,overlook
14,oil
14,none
14,myself
14,ministry
14,maybe
14,links
14,law
14,instantly
14,inconvenience
14,herb
14,hand
14,forty
14,finance
14,fair
14,facts
14,exercise
14,euros
14,else
14,discovery
14,desire
14,custom
14,corporate
14,consulting
14,condone
14,close
14,carefully
14,boy
14,biggest
14,assume
14,agencies
14,ability
13,won
13,wealthy
13,trial
13,thirty
13,surprised
13,stories
13,stocks
13,staggering
13,specialist
13,space
13,sources
13,source
13,society
13,smokers
13,serial
13,responses
13,reference
13,ref
13,reasons
13,quickly
13,policies
13,playing
13,personally
13,period
13,pass
13,parties
13,pamphlets
13,often
13,nature
13,managing
13,losing
13,li
13,jersey
13,issue
13,incredible
13,illegal
13,housing
13,hackers
13,gets
13,generation
13,front
13,force
13,features
13,expense
13,existing
13,event
13,dieting
13,detailed
13,delivered
13,coverage
13,counting
13,conference
13,competitive
13,college
13,club
13,classified
13,civil
13,cigarettes
13,cents
13,cases
13,cams
13,behind
13,apologize
13,anytime
13,amounts
13,amazing
13,according
13,abuse
12,zip
12,worry
12,winning
12,wife
12,twenty
12,trying
12,transferred
12,suggest
12,substantial
12,stud
12,strong
12,smoker
12,sexual
12,resell
12,requirements
12,relevant
12,related
12,reached
12,rated
12,purchased
12,publishing
12,publish
12,providing
12,protection
12,proposed
12,project
12,primary
12,popularity
12,plug
12,places
12,placed
12,photo
12,partnership
12,obtaining
12,modalities
12,mobile
12,medium
12,machine
12,lessons
12,legitimate
12,land
12,key
12,investor
12,investments
12,input
12,indicate
12,giving
12,finding
12,feeling
12,experts
12,expand
12,euro
12,equipment
12,entertainment
12,enjoy
12,energetic
12,enable
12,employment
12,difference
12,deserve
12,deleted
12,cum
12,created
12,cover
12,consumer
12,concluded
12,coast
12,burning
12,burn
12,bucks
12,bit
12,begin
12,base
12,automatically
12,asked
12,arrangement
12,applications
12,appears
12,alternative
12,agreed
12,affiliated
12,advised
11,worked
11,wine
11,went
11,waste
11,virus
11,travel
11,tired
11,text
11,ten
11,table
11,supplies
11,slim
11,senior
11,seem
11,respond
11,requires
11,remote
11,registration
11,refinancing
11,recent
11,provides
11,proper
11,printer
11,presented
11,premiums
11,potent
11,poor
11,offered
11,minimal
11,methods
11,messages
11,meet
11,medical
11,meaning
11,mass
11,marked
11,mailer
11,luck
11,lost
11,kids
11,kept
11,joseph
11,islands
11,intelligence
11,ignored
11,hosting
11,herbal
11,helped
11,hearing
11,hear
11,head
11,handling
11,greatest
11,forget
11,fire
11,ferocity
11,expert
11,environmental
11,eligible
11,drugs
11,drug
11,draft
11,double
11,distribution
11,disk
11,directory
11,decision
11,congress
11,common
11,citizens
11,china
11,cheap
11,channels
11,certified
11,certain
11,cause
11,button
11,burner
11,bless
11,anybody
11,anti
11,airport
11,actual
11,activities
11,acquire
10,wrong
10,winners
10,wide
10,welcome
10,wall
10,virtually
10,variety
10,utilized
10,usage
10,unique
10,unbelievable
10,ultimate
10,treat
10,together
10,taste
10,statistics
10,starter
10,specials
10,single
10,side
10,september
10,selection
10,seek
10,says
10,satisfied
10,safety
10,reward
10,revealed
10,rental
10,reliable
10,ram
10,radix
10,quarter
10,purposes
10,promote
10,processor
10,presentations
10,prescription
10,premier
10,practically
10,participation
10,parents
10,oh
10,od
10,obtain
10,nous
10,notes
10,music
10,majority
10,learning
10,leader
10,king
10,kin
10,kid
10,investigation
10,intend
10,insert
10,industries
10,increased
10,imagine
10,image
10,homes
10,growth
10,greater
10,gentle
10,furnish
10,funding
10,formula
10,formal
10,forever
10,foam
10,fight
10,fat
10,faithfully
10,factors
10,executed
10,exceed
10,estimates
10,envelopes
10,entitled
10,entering
10,easier
10,discuss
10,desk
10,designed
10,confident
10,conditions
10,compete
10,commerce
10,carry
10,barrister
10,banks
10,bag
10,audio
10,associates
10,agreement
10,administration
10,addition
10,activity
9,videos
9,utmost
9,underwriting
9,troubles
9,titles
9,themselves
9,techniques
9,target
9,survey
9,succeed
9,submit
9,strategy
9,story
9,sports
9,spend
9,speakers
9,sorry
9,signature
9,sense
9,sender
9,seeking
9,searching
9,screening
9,scholarships
9,saving
9,rolling
9,review
9,revenue
9,replace
9,relatives
9,recorded
9,receipt
9,realize
9,propose
9,proposals
9,projects
9,permission
9,paperwork
9,ordinary
9,offshore
9,nor
9,miles
9,maximum
9,magazines
9,magazine
9,lunch
9,lodged
9,locate
9,lighting
9,lift
9,leads
9,leading
9,jump
9,insured
9,index
9,indeed
9,hype
9,honesty
9,hit
9,highly
9,highest
9,helps
9,helping
9,hello
9,happens
9,hands
9,grow
9,gone
9,glad
9,gift
9,gave
9,games
9,gain
9,fresh
9,freaky
9,format
9,fixed
9,fitness
9,fit
9,faster
9,failed
9,expiration
9,effect
9,dorm
9,door
9,diplomatic
9,develop
9,described
9,dealer
9,dare
9,convergence
9,considered
9,conclusion
9,commitment
9,comments
9,codes
9,chosen
9,changes
9,changed
9,cell
9,catalog
9,cartons
9,carriers
9,building
9,brought
9,behalf
9,aware
9,awarded
9,august
9,assurance
9,associate
9,art
9,arrived
9,advanced
9,achieve
8,yahoo
8,written
8,whatever
8,watching
8,warehouse
8,war
8,updates
8,updated
8,universal
8,turns
8,trip
8,tournaments
8,tip
8,therapy
8,technique
8,targeted
8,systems
8,swiss
8,surrender
8,supposed
8,stuff
8,status
8,stability
8,spending
8,speed
8,specifically
8,somehow
8,sexy
8,setup
8,seriously
8,selected
8,seems
8,seconds
8,searcher
8,responsive
8,resolved
8,reported
8,refund
8,rather
8,radar
8,published
8,publication
8,providers
8,prospects
8,promotions
8,promotional
8,prohibited
8,progress
8,processed
8,procedures
8,prevent
8,press
8,pregnancy
8,preferred
8,pouches
8,possession
8,points
8,pie
8,pics
8,percentage
8,pee
8,payable
8,overseas
8,options
8,operation
8,opened
8,officials
8,nonsmoker
8,mutual
8,multiple
8,march
8,mandated
8,makers
8,majordomo
8,main
8,lo
8,literally
8,listing
8,light
8,lawful
8,launched
8,junk
8,issues
8,investigated
8,intervention
8,informed
8,incredibly
8,inclusive
8,imagined
8,identity
8,identified
8,honored
8,honest
8,holdings
8,holding
8,hell
8,heavy
8,guys
8,green
8,gambling
8,former
8,filtered
8,federation
8,fed
8,farms
8,fail
8,extensions
8,express
8,expensive
8,exotic
8,exclusive
8,everybody
8,evaluation
8,entrepreneurs
8,entrepreneur
8,entirely
8,ensemble
8,enlargement
8,efforts
8,driving
8,dreams
8,dream
8,document
8,doctor
8,distribute
8,dirty
8,directories
8,dial
8,demand
8,deals
8,cote
8,convenience
8,continuing
8,containing
8,consultation
8,consolidation
8,consider
8,confiscated
8,communications
8,committee
8,collection
8,cock
8,closet
8,calling
8,calculate
8,bring
8,bought
8,attractive
8,assurances
8,arrest
8,appropriate
8,animals
8,among
8,album
8,ago
8,administrator
8,across
8,acknowledge
7,zero
7,wondered
7,woman
7,wild
7,wear
7,walk
7,void
7,voice
7,visa
7,verify
7,unlimited
7,unlike
7,unless
7,unemployed
7,types
7,truck
7,traditional
7,towards
7,tomorrow
7,thus
7,tested
7,television
7,taxes
7,supply
7,stay
7,stand
7,spirit
7,specifications
7,solve
7,solely
7,sole
7,slice
7,sleep
7,singles
7,sierra
7,shocked
7,shipped
7,shared
7,sensitivity
7,secrecy
7,science
7,satellite
7,sample
7,root
7,roll
7,returned
7,responsibility
7,renewal
7,relationship
7,record
7,reaps
7,reality
7,ratio
7,rapidly
7,quite
7,promised
7,prohibiting
7,priced
7,previous
7,pretty
7,prefer
7,practices
7,practical
7,population
7,periodically
7,participants
7,paragraph
7,pam
7,originator
7,originally
7,organization
7,option
7,opposition
7,operate
7,notify
7,notification
7,noticed
7,nice
7,near
7,muscle
7,modified
7,minister
7,middle
7,merchant
7,meeting
7,medicine
7,meant
7,material
7,matching
7,lesbian
7,lender
7,legality
7,lee
7,laugh
7,latest
7,knew
7,killed
7,keeping
7,journal
7,introductory
7,inside
7,inform
7,inexpensive
7,individual
7,impossible
7,hottest
7,hookah
7,hook
7,hold
7,hardcore
7,happiness
7,happened
7,grade
7,gnarly
7,frustrating
7,flow
7,field
7,feet
7,featured
7,favorite
7,execution
7,eventually
7,enlarge
7,energy
7,enemy
7,effects
7,effectively
7,earning
7,drop
7,dreamed
7,draw
7,doubt
7,distributors
7,disease
7,difficult
7,die
7,diamond
7,description
7,cycle
7,contractor
7,contents
7,consultant
7,confirmation
7,competition
7,compensation
7,comfortable
7,comfort
7,citizen
7,chief
7,cars
7,cannabis
7,camera
7,calls
7,bureau
7,bull
7,bottles
7,boss
7,belong
7,behavior
7,batch
7,bar
7,bankers
7,award
7,automatic
7,authorized
7,audit
7,auctions
7,assured
7,assuming
7,assets
7,applies
7,applied
7,appear
7,affiliates
7,adviser
7,acts
7,accountant
6,wrapping
6,window
6,wet
6,welfare
6,water
6,wasting
6,wants
6,wanting
6,visitors
6,verified
6,vehicles
6,various
6,vacation
6,unnecessary
6,unhappy
6,unfortunately
6,unclaimed
6,transferring
6,towing
6,toners
6,throughout
6,template
6,teeth
6,teens
6,tape
6,supported
6,suites
6,successfully
6,study
6,studio
6,student
6,streams
6,steal
6,steady
6,staying
6,standards
6,spread
6,spouting
6,specialists
6,smoke
6,sincere
6,shirt
6,settled
6,servants
6,sequence
6,seminar
6,sells
6,screened
6,saying
6,saw
6,sans
6,running
6,rooms
6,rob
6,roadside
6,ripped
6,ride
6,retirement
6,resulted
6,reserved
6,reserve
6,represent
6,replying
6,remain
6,relax
6,regulations
6,regulated
6,reform
6,references
6,reduction
6,red
6,recipients
6,recession
6,putting
6,prudential
6,proved
6,presentation
6,prepare
6,predict
6,portfolio
6,players
6,playback
6,platinum
6,picture
6,pick
6,persons
6,personals
6,permanent
6,pencil
6,payer
6,papers
6,pages
6,ownership
6,owned
6,outside
6,ourselves
6,opinion
6,operating
6,official
6,nobody
6,multimedia
6,multilevel
6,mood
6,met
6,merciless
6,merchandise
6,mentor
6,mentality
6,marketplace
6,mandatory
6,maintain
6,luckily
6,loyal
6,loose
6,looked
6,locked
6,locating
6,lie
6,lets
6,lesson
6,leone
6,learned
6,lay
6,lack
6,kidding
6,keeps
6,jumped
6,joe
6,jobs
6,items
6,item
6,island
6,invoiced
6,invitations
6,interruption
6,inspires
6,inquiries
6,increasing
6,inches
6,household
6,hotel
6,host
6,horny
6,homework
6,hobby
6,history
6,heck
6,heaven
6,headlines
6,hair
6,guarantees
6,gold
6,gifts
6,generating
6,gamble
6,furthermore
6,fundamentals
6,franchise
6,fortunes
6,fort
6,fly
6,flash
6,finest
6,findings
6,factor
6,eye
6,extreme
6,explosive
6,expecting
6,executive
6,evaluate
6,ethical
6,especially
6,errors
6,equal
6,entities
6,entertained
6,ensuring
6,enhancement
6,enhance
6,endless
6,enclose
6,empty
6,eighth
6,economy
6,east
6,dynamic
6,driven
6,dreaming
6,drawn
6,donation
6,dick
6,diabetes
6,devoted
6,determine
6,deposits
6,definition
6,decent
6,dead
6,cutting
6,curious
6,criteria
6,crammed
6,covering
6,coupon
6,counter
6,costly
6,corner
6,controlled
6,contracted
6,contacted
6,confused
6,concerned
6,concealed
6,completed
6,compiled
6,compatible
6,chamber
6,cent
6,carrying
6,cancel
6,buyer
6,brokerage
6,broken
6,bound
6,bi
6,belongings
6,believed
6,began
6,bankruptcy
6,balance
6,baby
6,assistant
6,articles
6,approached
6,annually
6,annual
6,analyst
6,amazed
6,amateur
6,allows
6,adults
6,acquisition
6,achieved
6,accessible
6,acceptance
5,wolf
5,wives
5,willingness
5,walks
5,volume
5,viewing
5,verification
5,vaults
5,valued
5,usually
5,uses
5,tuition
5,trustworthy
5,truly
5,treasures
5,transmissions
5,traded
5,toward
5,tour
5,tough
5,tops
5,timely
5,ticket
5,threats
5,thorough
5,testing
5,symbol
5,surprise
5,supplemental
5,summer
5,summary
5,subscribe
5,studies
5,strict
5,strength
5,stream
5,straight
5,stopped
5,starts
5,staff
5,sponsored
5,speak
5,sounds
5,sought
5,sons
5,song
5,sometimes
5,solution
5,soliciting
5,solicit
5,smell
5,slow
5,slot
5,skyrocket
5,skeptical
5,sister
5,significant
5,shots
5,shortest
5,ship
5,sharing
5,serve
5,seeker
5,seed
5,schools
5,schedule
5,samples
5,rush
5,rules
5,row
5,routine
5,roof
5,rolled
5,rocket
5,risks
5,ring
5,rightful
5,returns
5,resumes
5,responsible
5,resource
5,resident
5,requirement
5,requested
5,representing
5,repairs
5,rent
5,removes
5,remains
5,remaining
5,rely
5,relatively
5,regret
5,regardless
5,refining
5,recommendations
5,recommend
5,receives
5,rallied
5,quantum
5,purchasing
5,publisher
5,protector
5,profile
5,proceed
5,prize
5,priority
5,printing
5,positive
5,portion
5,police
5,plenty
5,pledge
5,piece
5,picking
5,percentages
5,pastor
5,owning
5,overnight
5,opposed
5,older
5,notices
5,normal
5,newest
5,networks
5,naturally
5,murdered
5,moreover
5,missing
5,misleading
5,mines
5,mine
5,memory
5,match
5,martin
5,mark
5,managers
5,males
5,maintained
5,magnificent
5,lucky
5,litigation
5,listen
5,likely
5,lately
5,kingdom
5,keywords
5,joining
5,itself
5,invite
5,invaluable
5,introduced
5,intimacy
5,instruments
5,instance
5,innovative
5,indulgence
5,incurred
5,improvements
5,improved
5,impressive
5,hong
5,historically
5,heart
5,handle
5,gun
5,grumbled
5,greedy
5,grab
5,goal
5,friendly
5,frame
5,forces
5,folks
5,filled
5,filed
5,fifty
5,featuring
5,favour
5,favor
5,fancy
5,families
5,factual
5,faces
5,extracts
5,extracted
5,expires
5,expertise
5,expected
5,exist
5,exhibitions
5,exhibition
5,exceptions
5,exceedingly
5,everyday
5,entered
5,enhanced
5,engine
5,engage
5,ends
5,embed
5,eliminated
5,electric
5,edge
5,earned
5,dozens
5,dot
5,distance
5,discovering
5,discounted
5,disbursement
5,diamonds
5,diagnose
5,developing
5,despite
5,designated
5,decisions
5,decides
5,dealt
5,creators
5,correct
5,core
5,conveniently
5,contest
5,construct
5,consolidate
5,conservative
5,concept
5,complications
5,complex
5,comfortably
5,color
5,coded
5,clothing
5,clearance
5,clear
5,chevron
5,cheque
5,chat
5,changing
5,chain
5,certificate
5,century
5,caused
5,category
5,cartridge
5,cabinet
5,busy
5,buried
5,brokers
5,brew
5,breasts
5,brands
5,branch
5,blank
5,betray
5,bed
5,bay
5,backing
5,ave
5,astonishment
5,aside
5,arms
5,approximately
5,anymore
5,announcing
5,alliance
5,airline
5,ages
5,advisory
5,advisor
5,advisement
5,active
5,acting
5,accurately
5,accessories
4,zaire
4,yeah
4,worthwhile
4,words
4,wonder
4,wipe
4,whatsoever
4,warning
4,wake
4,virtue
4,virgin
4,viewed
4,verifiable
4,values
4,valley
4,useful
4,unreachable
4,unknown
4,university
4,unfair
4,understands
4,twenties
4,turned
4,trouble
4,trick
4,trees
4,travail
4,traffic
4,traced
4,touch
4,tight
4,testimonies
4,technologies
4,teasing
4,teases
4,talking
4,tablet
4,tables
4,sweep
4,suspicious
4,supervision
4,summit
4,suggested
4,successes
4,subscriptions
4,submitting
4,styles
4,strictest
4,straightforward
4,stomach
4,stealth
4,stealing
4,statement
4,stands
4,stakes
4,stable
4,spring
4,spray
4,sponsor
4,spent
4,specification
4,spaces
4,southern
4,sorted
4,smooth
4,sluts
4,slowed
4,slide
4,slick
4,sizes
4,signify
4,sides
4,si
4,shuffling
4,seventy
4,seventh
4,settlements
4,settle
4,sellers
4,secondly
4,screen
4,schoolgirls
4,scent
4,salvia
4,sake
4,safeguards
4,round
4,room
4,rode
4,robot
4,riding
4,revolutionary
4,reverses
4,retailers
4,retailer
4,resume
4,restrictions
4,restricted
4,resolution
4,researching
4,reps
4,replicas
4,relative
4,relating
4,regime
4,referral
4,refer
4,reduce
4,recruiting
4,records
4,recipient
4,rap
4,random
4,rake
4,quickest
4,pulling
4,province
4,protective
4,protecting
4,proprietary
4,proof
4,promptly
4,projet
4,progressive
4,programmers
4,professor
4,producer
4,procurement
4,printed
4,principles
4,prince
4,preparation
4,pound
4,ports
4,pockets
4,pleasure
4,plant
4,planet
4,pill
4,pieces
4,phones
4,pet
4,perspective
4,permit
4,permanently
4,percent
4,pensions
4,penetrations
4,penalty
4,patch
4,parts
4,participating
4,overwhelming
4,overall
4,outstanding
4,outfit
4,oral
4,optional
4,operators
4,operator
4,opening
4,onto
4,officer
4,obligations
4,nursery
4,nos
4,normally
4,nominated
4,newspaper
4,negotiating
4,neatly
4,nation
4,mountain
4,motivating
4,mot
4,mostly
4,monies
4,moments
4,mis
4,miracle
4,mining
4,matters
4,marks
4,mapped
4,manufacturing
4,manufacturers
4,manufacturer
4,mandate
4,maker
4,lowering
4,lotus
4,lotto
4,loosing
4,logo
4,logical
4,lofty
4,lock
4,location
4,loaded
4,load
4,lives
4,listings
4,liked
4,lies
4,licensed
4,libido
4,leverage
4,letters
4,legible
4,leaving
4,leasing
4,lean
4,lead
4,laying
4,laughs
4,lady
4,lace
4,labelled
4,knife
4,jammer
4,jackpots
4,jackpot
4,invitation
4,invested
4,invasive
4,interview
4,interests
4,insulin
4,insulation
4,installation
4,innovation
4,innocent
4,informative
4,inclusion
4,inability
4,impaired
4,human
4,houses
4,hooked
4,higher
4,headed
4,haven
4,harper
4,handled
4,gurus
4,guns
4,graphics
4,gourmet
4,goods
4,girl
4,ginseng
4,genuinely
4,functional
4,fronts
4,frills
4,fraction
4,fourteen
4,foundation
4,fortunate
4,formulation
4,forming
4,forking
4,foreigner
4,forced
4,fold
4,flowering
4,flower
4,firms
4,finders
4,financing
4,finalized
4,final
4,fifties
4,feelings
4,feeds
4,feedback
4,fear
4,fathers
4,fantasies
4,extracting
4,extract
4,explore
4,explanation
4,explained
4,experiences
4,expansion
4,expanding
4,exists
4,existence
4,exile
4,exclude
4,exchanging
4,except
4,everywhere
4,estates
4,environment
4,enjoyed
4,engineering
4,endow
4,enclosed
4,eliminates
4,eliminate
4,election
4,eight
4,easiest
4,earth
4,early
4,disposition
4,discounts
4,disclosed
4,directions
4,diet
4,diabetic
4,desist
4,designer
4,design
4,depend
4,denied
4,demonstrate
4,demo
4,demands
4,demanding
4,delivers
4,delays
4,defence
4,deeds
4,dedicated
4,decade
4,debts
4,dating
4,dad
4,customized
4,culture
4,critical
4,creator
4,crazy
4,crash
4,courses
4,couple
4,cooperate
4,convinced
4,converter
4,conventional
4,contributions
4,continues
4,continued
4,container
4,contain
4,consequently
4,connects
4,confirmed
4,confirm
4,confided
4,conducted
4,concepts
4,concealing
4,computers
4,compresses
4,comply
4,complicated
4,compensate
4,commune
4,commissioned
4,commencement
4,commander
4,colorado
4,col
4,coatings
4,clothes
4,clearly
4,cleared
4,cleans
4,choosing
4,choices
4,checklist
4,charged
4,champagne
4,certainly
4,cease
4,categorized
4,cartridges
4,cardiac
4,capable
4,capabilities
4,canon
4,cake
4,cadre
4,buys
4,bust
4,busiest
4,buildup
4,budget
4,bringing
4,brief
4,brewing
4,breakers
4,branding
4,bra
4,booster
4,bombarded
4,blood
4,blind
4,bike
4,ben
4,bedroom
4,beach
4,battle
4,bas
4,banner
4,banking
4,backward
4,backpack
4,awaiting
4,aviation
4,authority
4,author
4,attracting
4,attract
4,attitudes
4,attend
4,attack
4,athlete
4,arrive
4,appreciate
4,applying
4,applicable
4,anxiety
4,ambition
4,ally
4,algorithms
4,albums
4,alaska
4,ahead
4,agree
4,agency
4,advocate
4,advertised
4,advance
4,actively
4,absolute
4,abroad
3,youth
3,wrinkle
3,worse
3,worlds
3,worksheets
3,wind
3,widow
3,whom
3,whites
3,wheelchair
3,wearing
3,weakness
3,wave
3,walked
3,volatility
3,vision
3,vehicle
3,vacations
3,utilizing
3,utility
3,urgently
3,upswings
3,unstable
3,unpredictable
3,unlisted
3,unit
3,undoubtedly
3,undertaking
3,undergraduate
3,ultra
3,ugly
3,typical
3,twelve
3,tutoring
3,tutorial
3,trusted
3,trillion
3,tricks
3,treated
3,treasury
3,traps
3,traders
3,trace
3,town
3,topics
3,till
3,tidy
3,tickets
3,thru
3,throwing
3,throw
3,threatening
3,threat
3,thermal
3,thereby
3,texas
3,tests
3,testimonial
3,terrible
3,templates
3,tea
3,taxation
3,taxable
3,taught
3,task
3,tang
3,tall
3,swings
3,sweeten
3,supporters
3,suppliers
3,sunk
3,suitable
3,suit
3,sufficient
3,suffered
3,sucking
3,succeeding
3,substantially
3,submission
3,style
3,stumbling
3,stuffy
3,studying
3,stringent
3,stress
3,strenuous
3,strange
3,strain
3,stores
3,station
3,split
3,spite
3,speculative
3,sophisticated
3,somebody
3,snippet
3,slip
3,skin
3,ski
3,sixteen
3,sitting
3,sinking
3,sink
3,simplified
3,simplicity
3,simplest
3,similarities
3,signers
3,signal
3,sick
3,shotgun
3,shock
3,severe
3,servers
3,separately
3,selfish
3,selections
3,selecting
3,seized
3,seekers
3,sedate
3,secretly
3,secretariat
3,secondary
3,season
3,scraggly
3,scholarship
3,scare
3,scam
3,safer
3,rubber
3,royal
3,rollover
3,risky
3,rewards
3,revert
3,reveal
3,retain
3,restaurant
3,residual
3,resale
3,reputable
3,repose
3,reporting
3,reporter
3,replacing
3,replacement
3,repeat
3,repaid
3,remittance
3,remarkable
3,remained
3,releases
3,registering
3,regimen
3,regard
3,refugee
3,refreshing
3,referring
3,redesigned
3,redesign
3,recommended
3,receiver
3,rebels
3,rebel
3,rating
3,rapid
3,ranging
3,range
3,rancho
3,rampant
3,raising
3,quit
3,questionable
3,query
3,quantities
3,qualifying
3,purification
3,publishers
3,publications
3,provider
3,prospective
3,proposition
3,projection
3,programming
3,programme
3,profitably
3,profiles
3,producers
3,produce
3,privilege
3,prior
3,principal
3,pressure
3,precious
3,practicing
3,potency
3,potatoes
3,postman
3,possibilities
3,positively
3,portray
3,portals
3,portable
3,pony
3,pleased
3,player
3,played
3,pilot
3,pictures
3,picked
3,phoenix
3,petroleum
3,perhaps
3,perception
3,peoples
3,pennsylvania
3,peaceful
3,peace
3,pe
3,paving
3,patches
3,partial
3,pains
3,packing
3,packages
3,otherwise
3,organized
3,operations
3,oops
3,offerings
3,offensive
3,ocean
3,occupation
3,nurse
3,nights
3,night
3,networking
3,neither
3,neighborhood
3,negotiate
3,neck
3,necessities
3,native
3,movement
3,mouth
3,mothers
3,mortgages
3,morning
3,molecular
3,modest
3,modes
3,moderate
3,model
3,mock
3,mission
3,ministries
3,millionaires
3,mil
3,mi
3,meets
3,meetings
3,meanwhile
3,maturity
3,mature
3,mates
3,massive
3,massachusetts
3,mask
3,mashed
3,mart
3,marshall
3,manner
3,mailbox
3,lottery
3,lots
3,logistics
3,log
3,located
3,liquid
3,limitations
3,library
3,lawyers
3,lawyer
3,laundry
3,launch
3,laughing
3,laughed
3,lake
3,knowing
3,jurisdiction
3,jewelry
3,java
3,jam
3,ivory
3,involve
3,invests
3,inventory
3,invention
3,introduction
3,intimidate
3,intimate
3,integrity
3,insist
3,inquire
3,inevitable
3,indicated
3,indexed
3,increases
3,incidental
3,inch
3,images
3,ignore
3,identical
3,ich
3,hurry
3,hunger
3,humbly
3,hourly
3,hotels
3,hospitalized
3,honestly
3,holds
3,hitch
3,himself
3,hesitate
3,herbs
3,heating
3,healthy
3,headset
3,hassles
3,harvest
3,guy
3,guinea
3,groups
3,groceries
3,grinding
3,greed
3,greatly
3,gravy
3,graduate
3,grabbing
3,goofy
3,glossary
3,global
3,generic
3,generations
3,generated
3,geek
3,gasoline
3,gardening
3,garden
3,gains
3,gained
3,fuel
3,fucking
3,fruition
3,frequently
3,french
3,freeze
3,freckles
3,frankly
3,foundations
3,forwarded
3,formative
3,forge
3,food
3,followers
3,flight
3,flamer
3,fiscal
3,finished
3,fine
3,filthy
3,filter
3,filling
3,fifteen
3,felt
3,feasibility
3,fares
3,fantasy
3,famous
3,familiar
3,faiths
3,failure
3,fabulous
3,extraordinary
3,extracurricular
3,external
3,expose
3,explain
3,executives
3,executions
3,execute
3,examples
3,estimating
3,established
3,essence
3,escaped
3,erection
3,enterprise
3,enrolled
3,enhances
3,enemies
3,endeavor
3,enables
3,employees
3,empire
3,emotional
3,element
3,electronics
3,eighteen
3,effected
3,dysfunction
3,duly
3,dress
3,draws
3,dramatically
3,dosages
3,dog
3,distinction
3,disregard
3,disposal
3,dispensation
3,discreet
3,diploma
3,diagnosed
3,determined
3,determination
3,depending
3,den
3,delivering
3,deliver
3,define
3,deductible
3,danger
3,customize
3,custody
3,crippling
3,credits
3,cravings
3,crave
3,craft
3,covered
3,courtesy
3,counselors
3,counseling
3,council
3,cortex
3,coronary
3,copies
3,cool
3,conversion
3,conversation
3,convenient
3,contractors
3,continental
3,consuming
3,consumable
3,constructing
3,constructed
3,consortium
3,consistently
3,considering
3,consideration
3,consent
3,connection
3,conjunction
3,conduct
3,conditional
3,condition
3,concern
3,compliant
3,completion
3,communicate
3,commence
3,colorful
3,colony
3,collections
3,collateral
3,cocks
3,clever
3,claiming
3,circumstances
3,checklists
3,checked
3,chateaux
3,chasing
3,chase
3,challenge
3,cellular
3,catholic
3,cart
3,capitalize
3,capacity
3,capability
3,camp
3,calm
3,caffeine
3,cafeteria
3,bye
3,buttons
3,burden
3,bulletin
3,built
3,builder
3,buck
3,brother
3,broadcast
3,breaking
3,brazil
3,brain
3,boys
3,boxing
3,borrow
3,boost
3,bones
3,boat
3,blueprint
3,blue
3,blessed
3,blanks
3,birth
3,bio
3,billions
3,billed
3,beyond
3,beneficial
3,beginners
3,becoming
3,bearing
3,bear
3,basis
3,barrier
3,bargains
3,bandwidth
3,bailout
3,await
3,avoids
3,automobile
3,auditor
3,audience
3,attorneys
3,attitude
3,attempts
3,attempt
3,attached
3,asylum
3,assure
3,assembly
3,asking
3,arrested
3,arm
3,approvals
3,appraisal
3,appetite
3,anxious
3,annuities
3,announced
3,analysis
3,amazingly
3,alternatives
3,allowed
3,alcohol
3,ain
3,afford
3,affairs
3,advertisements
3,addressed
3,adapt
3,acre
3,achieving
3,accurate
3,accrued
3,accepting
3,acceptable
3,academic
3,absence
3,abnormal
2,zoom
2,younger
2,yep
2,yellow
2,ye
2,writer
2,worthy
2,workers
2,woods
2,wondering
2,wizard
2,withdrawals
2,wisely
2,wireless
2,wired
2,winner
2,windfalls
2,wills
2,widely
2,whores
2,whopping
2,whitening
2,wherever
2,western
2,weed
2,weapon
2,watches
2,warsaw
2,warrant
2,wallets
2,wallet
2,waiter
2,votes
2,vital
2,vista
2,visits
2,visiting
2,visited
2,vise
2,virtual
2,village
2,villa
2,views
2,victoria
2,victor
2,viable
2,versus
2,verse
2,vernacular
2,verifier
2,velocity
2,vault
2,utterly
2,utter
2,urine
2,uplifting
2,upgrade
2,update
2,unusual
2,unthinkable
2,unleash
2,union
2,unexpected
2,underwriters
2,understanding
2,underground
2,undeniable
2,unconventional
2,uncommon
2,unanswered
2,unanimously
2,typing
2,typically
2,turbo
2,tuitions
2,truths
2,trunk
2,trend
2,treasure
2,traveling
2,traveler
2,transparency
2,trailer
2,traditionally
2,tracking
2,toy
2,tout
2,tossing
2,toner
2,tom
2,toilet
2,timing
2,tilt
2,tiffany
2,thrown
2,throbbing
2,thin
2,thereafter
2,tenure
2,tends
2,tenants
2,temple
2,teenage
2,teaspoon
2,teamed
2,teaching
2,teaches
2,tapes
2,tap
2,talent
2,suspiciously
2,suspect
2,surviving
2,surprisingly
2,suppression
2,supports
2,supplement
2,supervising
2,sunglasses
2,suggestions
2,suffering
2,suffer
2,subsequent
2,submitted
2,subjects
2,subcontracting
2,stylus
2,stuffed
2,stroke
2,strived
2,strengthen
2,stoned
2,stimulate
2,stick
2,steep
2,steadily
2,stashing
2,standardization
2,stamps
2,squirm
2,square
2,springs
2,spreading
2,spouse
2,sporting
2,spell
2,speeds
2,speeding
2,spare
2,sous
2,sorts
2,sorting
2,sortie
2,sorcerer
2,solar
2,smokes
2,smith
2,slowly
2,slippery
2,sleeping
2,sky
2,situations
2,siphon
2,signing
2,shuttle
2,shower
2,showcase
2,shops
2,shocking
2,sheet
2,shame
2,sexually
2,sexiest
2,seventeen
2,servant
2,series
2,serenity
2,sept
2,senate
2,sees
2,seeds
2,securing
2,sectors
2,sector
2,sections
2,seal
2,sea
2,scroll
2,screaming
2,scheme
2,saves
2,salt
2,sage
2,safekeeping
2,sadly
2,sad
2,sacred
2,runs
2,ruling
2,rudiments
2,rudimentary
2,rover
2,rotation
2,rock
2,robbing
2,robbed
2,risque
2,rising
2,richer
2,reversing
2,reverse
2,revealing
2,reunited
2,retrieve
2,retire
2,retained
2,retails
2,resulting
2,restaurants
2,resorts
2,residence
2,reserves
2,reseller
2,reproduced
2,representatives
2,representative
2,replicate
2,replica
2,replacements
2,rep
2,render
2,removing
2,remit
2,reminder
2,released
2,relations
2,reimbursement
2,regulatory
2,regularly
2,regressive
2,refusing
2,refundable
2,refined
2,refers
2,reduced
2,recurring
2,recorders
2,recognition
2,reception
2,recept
2,rebate
2,readers
2,ravages
2,ratios
2,rarely
2,rare
2,rapture
2,rapper
2,raised
2,rad
2,quicken
2,quarantine
2,pussies
2,purchases
2,pump
2,pull
2,provisions
2,protocol
2,protected
2,prospect
2,proposer
2,properly
2,prolongs
2,prohibits
2,profound
2,professionally
2,prof
2,produced
2,prizes
2,prise
2,principals
2,primarily
2,pride
2,presidency
2,preserve
2,preservative
2,preparing
2,prepared
2,premiers
2,pratique
2,powered
2,poverty
2,potter
2,potentially
2,possibly
2,possess
2,posed
2,porte
2,porno
2,pool
2,politics
2,poisoned
2,plot
2,pleasuring
2,plays
2,plates
2,pittsburgh
2,pissing
2,pilots
2,pills
2,piles
2,photos
2,photographic
2,peter
2,pertinent
2,personnel
2,personalized
2,persecution
2,perpetuate
2,performing
2,peony
2,pension
2,penny
2,penile
2,pendant
2,peak
2,pays
2,patty
2,patron
2,passes
2,passe
2,pas
2,particular
2,participations
2,parcel
2,panels
2,pan
2,pal
2,pair
2,paints
2,pacific
2,pace
2,outlook
2,ornaments
2,orgasm
2,organizer
2,organises
2,optimal
2,oppressive
2,openly
2,ones
2,omissions
2,okay
2,oftentimes
2,officially
2,officers
2,oe
2,observe
2,obliged
2,objectives
2,nurtured
2,numerous
2,numbered
2,nowhere
2,northwest
2,nominate
2,nineteen
2,nine
2,nightly
2,nema
2,neighbors
2,necessity
2,nearly
2,nationally
2,named
2,naked
2,mutually
2,moving
2,mouse
2,motion
2,monitoring
2,monitor
2,momentum
2,mom
2,modifier
2,models
2,mode
2,mix
2,mistake
2,missions
2,missed
2,mise
2,minor
2,mini
2,mills
2,milliers
2,milliard
2,mill
2,mike
2,mid
2,metabolism
2,merit
2,meridian
2,mentioned
2,mention
2,medications
2,medication
2,maximize
2,matrix
2,math
2,masses
2,marque
2,markets
2,marketers
2,marketed
2,marijuana
2,margin
2,manually
2,mania
2,managed
2,malady
2,mahuang
2,luxury
2,lump
2,lucrative
2,loyalty
2,lovers
2,louis
2,longest
2,longan
2,lodge
2,locking
2,locales
2,locale
2,lingerie
2,likewise
2,lighters
2,lifeline
2,lieu
2,lien
2,licensing
2,license
2,liabilities
2,levels
2,length
2,legislation
2,lease
2,leaf
2,leadership
2,lazy
2,launching
2,lasts
2,las
2,lane
2,landed
2,labels
2,kola
2,knowledgeable
2,knocking
2,kitchen
2,kiss
2,killing
2,kill
2,kava
2,juice
2,jets
2,jean
2,jealously
2,jars
2,jar
2,japan
2,jammers
2,issuer
2,irradiated
2,involves
2,inviting
2,invade
2,intrusion
2,interrupted
2,inter
2,intention
2,intensifies
2,intelligent
2,insult
2,installed
2,inspection
2,inserted
2,inquiring
2,inner
2,inhaled
2,informations
2,informal
2,indispensable
2,independence
2,incorrect
2,incident
2,incentives
2,incase
2,incarceration
2,inaccurate
2,impulse
2,impoverished
2,importation
2,importantly
2,import
2,implore
2,implications
2,illness
2,ill
2,ignorance
2,ideology
2,identifying
2,identifies
2,hypothetical
2,hybrid
2,hurricane
2,hurdle
2,hunter
2,humiliate
2,hospital
2,hormone
2,honour
2,honed
2,holland
2,holidays
2,hitting
2,hire
2,hilt
2,hemp
2,heller
2,heir
2,headline
2,heading
2,headaches
2,harvesting
2,harvested
2,harry
2,harmful
2,hare
2,hardware
2,hardly
2,harbor
2,happily
2,handsomely
2,handed
2,handbook
2,hammer
2,hallo
2,habit
2,guessed
2,guards
2,guardian
2,guarded
2,grown
2,grossly
2,grind
2,grille
2,gratitude
2,grasshopper
2,gracious
2,gotten
2,goodly
2,goodbye
2,golf
2,golden
2,goddess
2,goat
2,goals
2,glasses
2,gives
2,gimmicks
2,gifting
2,genre
2,geniuses
2,generator
2,gauge
2,gateway
2,furious
2,functions
2,fulfill
2,frustrated
2,fruitless
2,frequency
2,frames
2,fountains
2,founding
2,founders
2,founded
2,forwarding
2,formation
2,forests
2,forbids
2,follows
2,folding
2,floating
2,firstly
2,financiers
2,figured
2,fields
2,fiber
2,fate
2,fasting
2,farmer
2,fantastic
2,familiarity
2,falls
2,facilitate
2,eyes
2,extravaganza
2,extensive
2,expressed
2,export
2,explorer
2,expired
2,expedite
2,exercising
2,execs
2,excuses
2,excuse
2,exclusion
2,exchanged
2,excerpt
2,excellence
2,excel
2,examined
2,ex
2,ethics
2,estimated
2,esteeming
2,esteem
2,establish
2,essences
2,escrow
2,erotica
2,erotic
2,erectile
2,equation
2,equals
2,equally
2,ephedra
2,envelops
2,entry
2,enterprises
2,enlighten
2,engaging
2,engaged
2,enfin
2,endanger
2,encrypted
2,encourage
2,encounter
2,enchantment
2,enabling
2,employers
2,emphasize
2,emperor
2,embodied
2,embassy
2,embarrassment
2,elsewhere
2,elite
2,elegant
2,electrical
2,elderly
2,el
2,ejaculation
2,efficient
2,educational
2,economies
2,economics
2,eating
2,eat
2,earns
2,duration
2,duo
2,drove
2,dropped
2,dropout
2,droit
2,drives
2,drawings
2,drawable
2,dramatic
2,downfall
2,dos
2,documentary
2,doctors
2,division
2,divers
2,disturb
2,distributor
2,dissemination
2,discussions
2,discussion
2,discrete
2,discoveries
2,disclose
2,disappearance
2,disadvantages
2,disability
2,dining
2,differences
2,detection
2,detect
2,destination
2,desperate
2,deserves
2,depressive
2,dependent
2,dependable
2,departments
2,dentist
2,dental
2,delta
2,delight
2,delicious
2,deliberately
2,delegated
2,definitely
2,defined
2,defense
2,deep
2,deduct
2,declined
2,declared
2,declare
2,decades
2,debasing
2,deadline
2,dated
2,dance
2,damaged
2,cute
2,cured
2,cup
2,cuisine
2,crocus
2,crisis
2,criminal
2,crime
2,creativity
2,crazed
2,craving
2,craftsmanship
2,crackers
2,cousin
2,courtier
2,courteous
2,courier
2,coupons
2,county
2,counsel
2,correspondent
2,correctly
2,corkscrew
2,copier
2,cooperative
2,cooking
2,convince
2,conviction
2,contacting
2,consumers
2,consult
2,constitute
2,connecting
2,connected
2,connect
2,confirming
2,confines
2,concerns
2,concentrated
2,conceived
2,computing
2,comprised
2,compression
2,compressed
2,component
2,comparisons
2,compared
2,compact
2,communion
2,communal
2,commonly
2,committing
2,commitments
2,commentary
2,combine
2,column
2,collector
2,coffee
2,cocaine
2,closing
2,closely
2,closed
2,clock
2,climax
2,cleansing
2,cleaning
2,classic
2,clan
2,claimed
2,cities
2,circumstance
2,circle
2,childhood
2,chicken
2,chef
2,checkout
2,cheat
2,chaos
2,chairman
2,ceramic
2,centre
2,centered
2,categories
2,catches
2,catalogs
2,caring
2,carcinogenic
2,carats
2,capture
2,captain
2,candidates
2,cancellation
2,campagne
2,calendar
2,calculator
2,cakes
2,burst
2,burns
2,burial
2,bundle
2,bulking
2,buildings
2,buds
2,bubble
2,browsing
2,browse
2,brown
2,break
2,bourse
2,bothered
2,born
2,booming
2,boasts
2,blondes
2,blocked
2,blaster
2,blast
2,blaming
2,bizarre
2,billing
2,bet
2,berry
2,bent
2,benefitting
2,beneath
2,belief
2,beginning
2,bedtime
2,bedrooms
2,beats
2,battery
2,basher
2,bark
2,barely
2,bare
2,banners
2,bang
2,banded
2,ban
2,balanced
2,background
2,avenue
2,availed
2,avail
2,automated
2,authors
2,audition
2,attic
2,attempting
2,attacks
2,attachment
2,attach
2,atoll
2,ateliers
2,assumes
2,associated
2,assisting
2,assisted
2,asset
2,asses
2,assertion
2,assemble
2,assassinated
2,artery
2,argent
2,archive
2,architectures
2,approve
2,approval
2,appreciation
2,appreciated
2,applicants
2,apology
2,antiques
2,anticipation
2,antenna
2,answers
2,announcement
2,angelica
2,analyses
2,analyse
2,anal
2,ana
2,ammunitions
2,amis
2,amended
2,ambitious
2,ambiance
2,amalgamated
2,aluminum
2,alternatively
2,alternate
2,allocation
2,allocated
2,allies
2,alert
2,aircraft
2,aim
2,aides
2,aider
2,agricultural
2,afraid
2,affluent
2,affected
2,advises
2,advise
2,adventure
2,advent
2,adobe
2,activate
2,actions
2,acknowledgement
2,achieves
2,accompanying
2,accident
2,abstract
2,abandoned
2,aa
1,yield
1,yen
1,wrinkles
1,wrapped
1,wort
1,worries
1,worried
1,workings
1,worker
1,woodland
1,wood
1,wonderfully
1,withdrawn
1,wishing
1,wishes
1,wiretaps
1,wink
1,wing
1,wines
1,width
1,wicked
1,wholly
1,whiter
1,whiten
1,whichever
1,whereas
1,whenever
1,wheels
1,welcomes
1,welcomed
1,wednesday
1,wedding
1,wed
1,weak
1,wavelet
1,waters
1,wash
1,warren
1,warner
1,warned
1,wales
1,waited
1,wage
1,voucher
1,vote
1,voluntary
1,visionary
1,virtues
1,violent
1,vineyards
1,vine
1,vie
1,victims
1,victimization
1,victim
1,vice
1,veterans
1,vervain
1,vertical
1,veronica
1,verbena
1,vera
1,venue
1,vaunted
1,vat
1,vascular
1,vary
1,varied
1,valuation
1,valuables
1,validity
1,validation
1,validate
1,utilize
1,ut
1,usages
1,urgency
1,urged
1,urethane
1,urban
1,upside
1,ups
1,upper
1,upgrades
1,upcoming
1,unveil
1,untimely
1,unsure
1,unsuccessful
1,unscrupulous
1,uns
1,unrestricted
1,unrated
1,unqualified
1,unpaid
1,unlocked
1,unlock
1,universe
1,unethical
1,underwear
1,undervalued
1,undertaken
1,understood
1,understandable
1,undemocratic
1,uncut
1,uncovering
1,uncork
1,uncles
1,uncensored
1,unblocked
1,unaware
1,unacceptable
1,umbrella
1,ultimately
1,typist
1,twice
1,tweaked
1,turnkey
1,turning
1,turmoil
1,turkey
1,tune
1,tuckers
1,trusses
1,trunks
1,tropics
1,troop
1,trips
1,trim
1,tribesman
1,tribe
1,tremendously
1,treadmills
1,travelling
1,travelled
1,travelers
1,transplant
1,transparent
1,transmitters
1,transmitted
1,transmittal
1,transmission
1,transformation
1,transcripts
1,trainer
1,trades
1,tracing
1,township
1,tow
1,touched
1,tote
1,totals
1,totalling
1,torture
1,tori
1,tons
1,tone
1,ton
1,tommy
1,tome
1,token
1,toke
1,toddler
1,todays
1,titties
1,tits
1,titanic
1,tinted
1,tingle
1,timer
1,ties
1,tiered
1,ti
1,thyroid
1,thugs
1,thug
1,thriving
1,thrives
1,thrive
1,thrilled
1,threatened
1,threads
1,thoroughly
1,thirds
1,thighs
1,thick
1,theories
1,theme
1,theater
1,thanking
1,territory
1,territories
1,terrific
1,terminates
1,terminal
1,tension
1,tens
1,tenets
1,tend
1,telling
1,technological
1,tear
1,targeting
1,tantra
1,tank
1,taint
1,tags
1,tagged
1,taboo
1,ta
1,synonymous
1,symbols
1,swimming
1,swiftly
1,swift
1,swept
1,sustaining
1,suspended
1,survival
1,surpassed
1,surgical
1,surgery
1,surgeries
1,surfers
1,surely
1,suppose
1,supplier
1,supplied
1,supplements
1,supervisor
1,superiority
1,sunrise
1,sunny
1,suicide
1,suffice
1,suddenly
1,suck
1,succumbed
1,subtract
1,subsidiaries
1,subscript
1,subscribing
1,submits
1,subconsciously
1,styled
1,stupid
1,stumbled
1,studios
1,students
1,strung
1,struggling
1,struggles
1,struggle
1,structure
1,struck
1,stronger
1,strive
1,strips
1,strings
1,strikingly
1,strengths
1,strengthening
1,streaming
1,storage
1,stopper
1,stoney
1,stone
1,stoke
1,stimulation
1,stifled
1,stiff
1,steroid
1,stepped
1,stems
1,stem
1,stations
1,stating
1,startling
1,starters
1,star
1,standing
1,standardized
1,stamp
1,stack
1,stabbed
1,sri
1,spy
1,spreads
1,sprayers
1,spotlight
1,sporadic
1,spiritual
1,spirited
1,spiders
1,spends
1,specified
1,specialized
1,speaking
1,speaker
1,spas
1,sparked
1,spacial
1,sovereignty
1,soul
1,sort
1,sophistication
1,somewhere
1,sometime
1,solving
1,solid
1,solicited
1,soft
1,socially
1,snack
1,smuggled
1,smokeless
1,smoked
1,smokable
1,smiling
1,smile
1,smart
1,smallest
1,smaller
1,sly
1,slots
1,slightly
1,slavery
1,skimming
1,skewed
1,sized
1,sit
1,singular
1,simultaneously
1,simultaneous
1,simplify
1,simpler
1,silicon
1,significance
1,signatures
1,sided
1,shy
1,shutting
1,shut
1,showing
1,showed
1,shot
1,shortcomings
1,shoppers
1,shoot
1,shipments
1,shipment
1,shelter
1,shell
1,sheds
1,sharpen
1,shake
1,setting
1,sessions
1,session
1,serving
1,serves
1,served
1,seriousness
1,serene
1,serendipity
1,separating
1,separated
1,separate
1,sensuality
1,sensitivities
1,sensation
1,seniors
1,sends
1,sen
1,seller
1,selfishness
1,seizures
1,seizure
1,seemed
1,seeing
1,secured
1,secs
1,secretary
1,seat
1,script
1,scream
1,scratching
1,scotia
1,sclerotic
1,scientifically
1,scholars
1,schemes
1,scene
1,scenarios
1,scanned
1,sawyer
1,savor
1,saviors
1,savers
1,saved
1,satisfy
1,satisfies
1,sat
1,sangh
1,sandy
1,sandwich
1,salary
1,sagging
1,saddled
1,sacrifice
1,sacrament
1,rushed
1,ruptures
1,rough
1,rouge
1,roster
1,rose
1,roommates
1,rooks
1,rolls
1,rollovers
1,role
1,roger
1,roads
1,riveting
1,rise
1,ridiculous
1,rider
1,rid
1,richest
1,riches
1,rice
1,rhizome
1,revolution
1,revised
1,reviews
1,reveals
1,retrieving
1,retrieved
1,rests
1,restraints
1,restoring
1,restore
1,restlessness
1,responsiveness
1,responding
1,respondents
1,respective
1,resourcefulness
1,resolve
1,resin
1,residing
1,reside
1,resentment
1,resellers
1,reputation
1,reproduction
1,reprint
1,represents
1,representations
1,reposed
1,reporters
1,replaced
1,repeated
1,repaired
1,rented
1,renews
1,rendering
1,renaissance
1,remuneration
1,remitted
1,reminded
1,remind
1,remarkably
1,relocating
1,relocate
1,religion
1,reliably
1,relay
1,relaxing
1,relaxes
1,relaxation
1,relationships
1,relate
1,rejoin
1,rejected
1,regularize
1,regions
1,region
1,regarded
1,refused
1,refuse
1,refuge
1,refrigerators
1,refinanced
1,refill
1,reducing
1,reduces
1,reds
1,redeemable
1,redeem
1,recycling
1,rectify
1,recreational
1,recreation
1,recover
1,recorder
1,reconsideration
1,reconnect
1,recognizing
1,recognized
1,reclaim
1,recklessly
1,reciprocal
1,receivers
1,receivables
1,reasoning
1,reasonable
1,reared
1,rear
1,reap
1,realizing
1,realized
1,realities
1,reaction
1,reaching
1,ray
1,raw
1,ratings
1,ratified
1,rappers
1,ranks
1,ranch
1,ran
1,raise
1,rah
1,radio
1,radiation
1,radiant
1,race
1,quota
1,quietly
1,quest
1,queries
1,qualification
1,pushing
1,push
1,pursuit
1,pursue
1,pure
1,punch
1,pumps
1,publishes
1,publicly
1,publicizing
1,psychologically
1,psychics
1,psychic
1,psoralea
1,provision
1,prove
1,protesting
1,protest
1,prostate
1,propagate
1,promotes
1,promoted
1,promises
1,prominent
1,proliferate
1,prohibit
1,programmable
1,profitability
1,professions
1,professionalizing
1,profession
1,professed
1,production
1,producing
1,processes
1,proceeds
1,probate
1,prison
1,priorities
1,printers
1,principle
1,primo
1,prime
1,prevailing
1,pretend
1,presumptions
1,presenting
1,prescribed
1,preprinted
1,prep
1,preoccupied
1,preliminary
1,prefix
1,preeminent
1,predicament
1,predecessors
1,precisely
1,precede
1,prayers
1,prayed
1,pray
1,prairie
1,practitioners
1,practice
1,powers
1,potentials
1,postings
1,posted
1,possibility
1,possessions
1,possessed
1,positions
1,posing
1,portfolios
1,portal
1,porous
1,populations
1,polygala
1,pollen
1,polished
1,plywood
1,plush
1,plural
1,plight
1,plenipotentiary
1,pleasantly
1,platform
1,plate
1,planted
1,planners
1,plane
1,plain
1,plagued
1,plague
1,pizza
1,pitch
1,pimped
1,pike
1,picks
1,physician
1,physically
1,physical
1,phosgene
1,phenomenon
1,phase
1,pharmacies
1,pharmaceutical
1,pets
1,personalities
1,perpetuated
1,perpetual
1,perpetrating
1,perpetrated
1,permitted
1,periods
1,perform
1,perfectly
1,penthouse
1,pentagon
1,pennies
1,penitentiaries
1,pending
1,penalties
1,peers
1,peddling
1,pearl
1,payroll
1,paycheck
1,pavilions
1,pavilion
1,patterns
1,patronage
1,patience
1,patented
1,passwords
1,passion
1,passing
1,partnerships
1,partnering
1,particularly
1,partake
1,parkway
1,parking
1,parked
1,park
1,paralysis
1,paradoxical
1,paradise
1,panama
1,paint
1,painful
1,packaging
1,pack
1,owed
1,owe
1,overworked
1,overviews
1,overseer
1,overly
1,overlay
1,overhead
1,output
1,outlying
1,outing
1,outdoors
1,outdoor
1,outdated
1,outcome
1,ours
1,otto
1,originating
1,organize
1,organic
1,organ
1,ordinates
1,ordinances
1,orange
1,optimum
1,optical
1,ops
1,oppression
1,opposite
1,opposes
1,oppose
1,opinions
1,operational
1,operated
1,onetime
1,omission
1,oils
1,offset
1,offenders
1,occurs
1,occupying
1,occupied
1,occupants
1,occasions
1,occasionally
1,obsolete
1,observations
1,observation
1,objection
1,oaks
1,numerical
1,nuke
1,nudity
1,nude
1,novices
1,novice
1,nova
1,notorious
1,notions
1,notion
1,noting
1,nominating
1,noise
1,noh
1,noble
1,nigger
1,nicotine
1,niche
1,nicely
1,newspapers
1,newly
1,newcomers
1,neighborhoods
1,neighbor
1,negotiated
1,neglect
1,negatives
1,needless
1,necessitated
1,neat
1,nearest
1,naughty
1,natures
1,nationals
1,narrative
1,namely
1,nab
1,mutated
1,mun
1,mum
1,multitudes
1,multimillion
1,mugging
1,mouton
1,moulin
1,motherless
1,mortars
1,morocco
1,mornings
1,moody
1,monte
1,monitored
1,monetizing
1,monarchy
1,mon
1,moles
1,mole
1,module
1,modular
1,modesty
1,modern
1,moderator
1,modeling
1,mobiles
1,mob
1,missiles
1,missile
1,misguided
1,misconceptions
1,mirrors
1,mint
1,minority
1,ministers
1,mindful
1,mimosa
1,mimicking
1,miller
1,millennium
1,mileage
1,mile
1,midst
1,microwave
1,metric
1,metallic
1,meta
1,mess
1,merchants
1,menu
1,memories
1,melt
1,mellowness
1,mel
1,megabucks
1,meditation
1,medicare
1,mechanisms
1,mechanism
1,meaty
1,meat
1,measuring
1,measures
1,measure
1,meals
1,maximizing
1,matured
1,matt
1,mate
1,marvelously
1,marvelous
1,marketer
1,marital
1,marble
1,manuals
1,manicure
1,maneuver
1,mandarin
1,mana
1,mammoth
1,mall
1,majesty
1,maintenance
1,mainstream
1,magic
1,mage
1,machines
1,lyrics
1,lusted
1,lust
1,lungs
1,lunatics
1,lover
1,loved
1,lousy
1,loser
1,looming
1,lookup
1,lookout
1,longitude
1,lodgment
1,locator
1,localities
1,lobeline
1,lived
1,lithium
1,liquify
1,lipstick
1,lining
1,lingering
1,lines
1,liners
1,limits
1,lily
1,likes
1,lighthearted
1,lightening
1,lightened
1,lifted
1,liens
1,licorice
1,lick
1,liberal
1,levies
1,leveraging
1,lesser
1,lend
1,legibly
1,leg
1,led
1,lecture
1,leases
1,leap
1,launches
1,largely
1,lame
1,lambert
1,lakes
1,lackey
1,labour
1,labeled
1,label
1,kris
1,knows
1,knives
1,kinds
1,kidney
1,kick
1,keyword
1,keyboard
1,ken
1,justice
1,junior
1,juncture
1,jujube
1,judge
1,jordan
1,joke
1,joists
1,joint
1,joey
1,jitters
1,jenny
1,jelly
1,jane
1,jacqueline
1,jacket
1,issuance
1,isle
1,irritated
1,iron
1,ion
1,involving
1,invoices
1,invoice
1,invites
1,investigative
1,investigate
1,invaders
1,invaded
1,intuition
1,introducing
1,intrigue
1,intestinal
1,intervened
1,interstate
1,interrupts
1,interface
1,interaction
1,interacting
1,intentions
1,intentionally
1,intensity
1,intensified
1,intense
1,integrated
1,insulations
1,instructor
1,instructional
1,institutions
1,institution
1,instill
1,installs
1,installing
1,install
1,inspire
1,inspectors
1,insomnia
1,inquiry
1,inputs
1,inn
1,inlaid
1,initiates
1,initiate
1,initials
1,initially
1,inhuman
1,inhalation
1,inhabit
1,ingredients
1,ingenuity
1,ingenious
1,infusion
1,infrequent
1,infos
1,informational
1,infects
1,infants
1,indulge
1,individually
1,indigenes
1,indications
1,indication
1,indicating
1,indicates
1,incubator
1,increments
1,incredulously
1,incorporates
1,inconvenienced
1,incentive
1,improving
1,imprisoning
1,impression
1,importing
1,implication
1,implementation
1,impact
1,immune
1,illustrations
1,illustrate
1,ills
1,ignoring
1,ignition
1,ifs
1,iffy
1,idolizing
1,idiot
1,idiocy
1,identities
1,identify
1,ideal
1,iceberg
1,hypertension
1,hydro
1,hustlers
1,hurting
1,humility
1,humble
1,humanity
1,housekeepers
1,hostile
1,hosted
1,hospitals
1,horrible
1,hormones
1,hoping
1,hoopla
1,hoodlum
1,hood
1,honeys
1,homestead
1,holsters
1,holiday
1,hocus
1,hits
1,hiring
1,hired
1,hips
1,hint
1,hills
1,hill
1,highlights
1,hide
1,hickory
1,hesitant
1,herself
1,heritage
1,herein
1,hereafter
1,herbaceous
1,hepatitis
1,hemisphere
1,helpful
1,helicopters
1,height
1,hectic
1,heat
1,healthier
1,heady
1,headquarter
1,headlined
1,headlamp
1,hated
1,hat
1,hasten
1,hast
1,harvests
1,harder
1,happening
1,hanging
1,handy
1,handbags
1,ham
1,hall
1,hale
1,gutsy
1,gut
1,guru
1,gum
1,guilty
1,guidance
1,guest
1,ground
1,grew
1,greetings
1,greeting
1,grass
1,granted
1,grandmas
1,grain
1,graces
1,gore
1,godly
1,glorifies
1,glimpse
1,glans
1,gladiator
1,ginger
1,gigantic
1,gifted
1,giant
1,german
1,geographic
1,genuine
1,gently
1,gentleness
1,generates
1,generals
1,generalizes
1,generalizations
1,generalities
1,gemstones
1,geld
1,geared
1,gathered
1,gas
1,garnishments
1,garbage
1,ganja
1,gambia
1,gaining
1,gadgets
1,futility
1,furnished
1,funny
1,funeral
1,fundamental
1,function
1,fulfilled
1,frustrate
1,fruits
1,fruit
1,froth
1,fronting
1,friendship
1,freight
1,freezers
1,fraud
1,frantically
1,franks
1,fourth
1,fortunately
1,formulated
1,formulas
1,formerly
1,formally
1,forgive
1,forfeited
1,forfeit
1,foreword
1,forest
1,foresaw
1,foreplay
1,foremost
1,forbidden
1,foolish
1,fooled
1,fool
1,followings
1,folded
1,foil
1,focusing
1,focused
1,focus
1,foamer
1,flyer
1,flush
1,flows
1,flown
1,floral
1,floor
1,float
1,flexible
1,flee
1,flaws
1,flawed
1,flat
1,fitch
1,fist
1,fishing
1,firmer
1,fireproof
1,finish
1,fingers
1,finger
1,finer
1,finds
1,figures
1,fighting
1,fiberglass
1,fennel
1,females
1,feed
1,feds
1,federated
1,faxing
1,faxes
1,favorites
1,favorable
1,fault
1,fatherless
1,fatally
1,fashions
1,fashion
1,fascinating
1,fantasizing
1,falling
1,faithful
1,faith
1,fairs
1,factory
1,factoring
1,factored
1,facing
1,faced
1,extravagantly
1,extraordinarily
1,extend
1,exquisite
1,expressway
1,expresses
1,exposing
1,exponentially
1,explode
1,explains
1,expiry
1,expire
1,expertly
1,experiment
1,expedites
1,expectations
1,exotica
1,existed
1,exhibits
1,exhibitors
1,exhibiting
1,exercised
1,exclusively
1,exclusions
1,excitement
1,excited
1,excessive
1,exceptional
1,exception
1,excels
1,exceeds
1,exam
1,evolved
1,evidence
1,evenings
1,ethnic
1,estimate
1,establishment
1,establishes
1,essential
1,escape
1,escalation
1,es
1,erroneous
1,erase
1,equivalent
1,equipped
1,equatorial
1,equates
1,epoxies
1,envision
1,envisaged
1,entrusted
1,entice
1,entertainers
1,enrollment
1,enroll
1,enquiry
1,enquiries
1,enormous
1,enlightenment
1,enigmatic
1,enhancing
1,enhancer
1,engineers
1,engineerings
1,engineer
1,enforced
1,endowed
1,ended
1,encouraged
1,encountered
1,encoders
1,emulsifier
1,empower
1,employee
1,employ
1,emit
1,emergency
1,emerged
1,embarrassed
1,embark
1,eliminating
1,elementary
1,elegance
1,electricity
1,elections
1,eldest
1,elders
1,elder
1,eft
1,educate
1,editorially
1,editor
1,edit
1,edged
1,economical
1,eclipse
1,eastern
1,ease
1,earnest
1,ear
1,duty
1,dutch
1,dubious
1,drowning
1,drinking
1,drinkers
1,drinker
1,drew
1,dressing
1,dressed
1,drawing
1,drafting
1,drafted
1,downtown
1,doses
1,dose
1,dormitory
1,dope
1,doorstep
1,donate
1,dominate
1,domestic
1,dom
1,dodder
1,docking
1,doc
1,diving
1,divided
1,diversity
1,district
1,distributing
1,distributes
1,distributed
1,distinguished
1,distinctive
1,distilled
1,distant
1,disseminate
1,disregards
1,disqualification
1,dispute
1,displaying
1,displayed
1,dispensing
1,disorders
1,dish
1,disguise
1,discussing
1,discriminatory
1,discriminating
1,discreetly
1,discourage
1,discontinued
1,discontinue
1,disconnected
1,discerning
1,discard
1,disc
1,disappointed
1,dirk
1,direction
1,dilemma
1,digits
1,digit
1,dig
1,diets
1,dieses
1,dictionary
1,dictates
1,dictated
1,dicks
1,diameter
1,dialling
1,diagnosis
1,devotion
1,devoting
1,devices
1,developmental
1,developed
1,detriment
1,detention
1,destinations
1,despatch
1,desired
1,designs
1,designers
1,descriptions
1,describe
1,derrick
1,depression
1,depressing
1,depot
1,deplorable
1,depict
1,depart
1,dented
1,denoting
1,denotes
1,denial
1,demonstrative
1,demonstrating
1,demonstrates
1,deluxe
1,dell
1,deliveries
1,deliberations
1,deliberation
1,deliberated
1,delegates
1,defines
1,deferred
1,deferral
1,defective
1,deductions
1,decreases
1,decoders
1,declines
1,declaration
1,deceased
1,debtors
1,dearest
1,darn
1,dark
1,cyprus
1,cynical
1,cyclical
1,cuts
1,cushions
1,currier
1,cups
1,cumulative
1,crystal
1,crunch
1,crumb
1,cruise
1,crude
1,crowded
1,crises
1,creek
1,crediting
1,credited
1,credible
1,credibility
1,creation
1,creating
1,creamy
1,crawl
1,crashes
1,cram
1,crack
1,coworkers
1,cowboys
1,court
1,courage
1,coupled
1,countless
1,counties
1,coted
1,costa
1,cosmetic
1,corruption
1,corrupt
1,corresponding
1,correspondences
1,correspond
1,corpus
1,corny
1,cordless
1,cordially
1,cordial
1,coolers
1,cooks
1,cookie
1,convincing
1,convey
1,converters
1,conversations
1,convention
1,convective
1,convection
1,controller
1,contribution
1,contribute
1,contradicted
1,contractual
1,continuation
1,continually
1,contingency
1,contempt
1,contemplated
1,containers
1,construction
1,constitutional
1,constitution
1,constant
1,consignments
1,consequent
1,consequence
1,connotation
1,connections
1,congestion
1,conforming
1,conflict
1,confiscation
1,confiscate
1,configuration
1,confide
1,confessed
1,conferences
1,conduction
1,conditioning
1,condemn
1,concurrently
1,concerning
1,concentrations
1,concentration
1,concentrate
1,comprise
1,composition
1,components
1,complying
1,complimentary
1,complies
1,complain
1,complacent
1,competitors
1,competing
1,competent
1,compensated
1,compelling
1,compares
1,comparative
1,companion
1,commuting
1,committed
1,commentaries
1,commemorative
1,commas
1,command
1,combining
1,combination
1,collecting
1,colleague
1,collar
1,coliseum
1,cold
1,cola
1,cocos
1,cocoa
1,coats
1,coating
1,coalition
1,closer
1,closeouts
1,closeout
1,cloak
1,climates
1,clerk
1,clement
1,cleaned
1,clean
1,classmates
1,classes
1,clarity
1,clamp
1,civilian
1,citrus
1,circulated
1,cigarette
1,cigar
1,chronicle
1,christie
1,choosers
1,cholesterol
1,choking
1,chocking
1,chip
1,chin
1,chile
1,chi
1,chestnut
1,chemicals
1,cheating
1,charts
1,charging
1,chargers
1,chapter
1,champion
1,challenging
1,challenges
1,chad
1,centuries
1,cellulose
1,cellar
1,ceiling
1,cedar
1,cayman
1,cautious
1,causes
1,caulis
1,caught
1,catering
1,categorizing
1,catching
1,catch
1,cat
1,casualty
1,casual
1,cast
1,cassino
1,cassettes
1,cassette
1,casino
1,cashable
1,carrier
1,carriages
1,carpenter
1,cargo
1,cares
1,careful
1,cardiovascular
1,capsules
1,capitalists
1,cape
1,candid
1,cancelling
1,campaigns
1,calming
1,calmer
1,calculations
1,calculation
1,calculated
1,bypass
1,businessman
1,bush
1,burnt
1,burners
1,burned
1,bugs
1,brutally
1,brutal
1,brooks
1,broke
1,broadcasting
1,broadcasters
1,broad
1,brighter
1,briefs
1,briefly
1,bricks
1,brews
1,brethren
1,breeds
1,breakthrough
1,bread
1,breach
1,brass
1,branches
1,bran
1,brag
1,brad
1,bowled
1,bother
1,borrower
1,boots
1,boomers
1,booked
1,boobs
1,boob
1,bonded
1,bolivia
1,bogus
1,bogged
1,bodied
1,bob
1,boating
1,blowing
1,blow
1,bloody
1,blond
1,blockades
1,block
1,blindness
1,blends
1,bleak
1,blatant
1,blanket
1,blacks
1,bis
1,birthdate
1,birds
1,biota
1,biological
1,bigger
1,bids
1,betwixt
1,betrayed
1,betrayal
1,berlin
1,bend
1,believing
1,believes
1,beliefs
1,beings
1,behavioral
1,begun
1,begins
1,beer
1,bee
1,bedside
1,becomes
1,became
1,beauty
1,batteries
1,basketball
1,basics
1,basically
1,bases
1,basement
1,barriers
1,bares
1,band
1,baltimore
1,ballot
1,bakers
1,bake
1,bags
1,baggage
1,backwards
1,backups
1,backlash
1,bachelors
1,babies
1,ba
1,awhile
1,awesome
1,awe
1,awakening
1,averse
1,availability
1,automotive
1,authorize
1,aunts
1,audits
1,attributes
1,attics
1,astounding
1,assures
1,assumptions
1,associations
1,assistants
1,assigns
1,assign
1,assessment
1,asserts
1,assembled
1,aspects
1,aspect
1,ascertain
1,arterial
1,arranged
1,arrange
1,army
1,armed
1,arguments
1,argument
1,arena
1,areas
1,apt
1,approaching
1,approach
1,appreciates
1,appraisers
1,appraise
1,appointments
1,applaud
1,appeals
1,appeal
1,apparent
1,apathy
1,anyplace
1,antennas
1,answered
1,anonymous
1,annoying
1,anniversary
1,ancestral
1,analyzes
1,analyze
1,analysts
1,analogy
1,amplification
1,ample
1,amp
1,ammunition
1,amber
1,amazon
1,amaze
1,amalgamation
1,ama
1,alters
1,alt
1,almighty
1,alloy
1,allowing
1,allodial
1,alley
1,allegedly
1,alkaloids
1,alimony
1,alerts
1,alarm
1,airfield
1,airbus
1,ailments
1,aha
1,aggressive
1,agendas
1,agenda
1,afternoons
1,afternoon
1,afforded
1,affixed
1,affix
1,affirmed
1,affidavits
1,affects
1,affecting
1,adverts
1,advertiser
1,advert
1,advantages
1,adoption
1,administrative
1,administer
1,adjustment
1,additionally
1,adding
1,activations
1,activation
1,activating
1,acquaintance
1,aconite
1,acknowledgment
1,acknowledging
1,acknowledges
1,acknowledged
1,accuracy
1,accumulation
1,accumulating
1,accounting
1,accountability
1,accordance
1,accord
1,accomplished
1,accomplish
1,accompanied
1,accommodations
1,accommodating
1,accommodate
1,accolade
1,acclaimed
1,accents
1,abusers
1,abundant
1,abide
1,abatement
1,abandon
