frq,word,pct
707,free,0.56921
546,money,0.43959
459,please,0.36954
441,mail,0.35505
428,get,0.34458
401,click,0.32285
391,list,0.31479
374,business,0.30111
367,one,0.29547
351,information,0.28259
349,time,0.28098
331,make,0.26649
330,us,0.26568
329,people,0.26488
302,name,0.24314
287,new,0.23106
283,report,0.22784
283,address,0.22784
282,send,0.22704
274,receive,0.2206
263,order,0.21174
223,de,0.17954
220,home,0.17712
204,want,0.16424
203,company,0.16344
196,program,0.1578
187,also,0.15055
179,day,0.14411
178,million,0.14331
177,like,0.1425
174,wish,0.14009
172,need,0.13848
169,help,0.13606
168,would,0.13526
168,may,0.13526
167,offer,0.13445
166,government,0.13365
166,form,0.13365
165,go,0.13284
163,today,0.13123
163,life,0.13123
161,work,0.12962
155,best,0.12479
154,price,0.12399
150,year,0.12077
150,software,0.12077
150,grants,0.12077
149,remove,0.11996
147,contact,0.11835
145,made,0.11674
143,use,0.11513
143,message,0.11513
141,removed,0.11352
140,computer,0.11271
139,cash,0.11191
137,guide,0.1103
136,special,0.10949
133,within,0.10708
132,take,0.10627
131,orders,0.10547
131,marketing,0.10547
131,know,0.10547
131,dollars,0.10547
129,received,0.10386
127,every,0.10225
125,right,0.10064
125,per,0.10064
122,link,0.09822
120,service,0.09661
120,many,0.09661
120,mailing,0.09661
120,income,0.09661
120,credit,0.09661
120,call,0.09661
119,mails,0.09581
118,start,0.095
117,state,0.0942
117,much,0.0942
117,addresses,0.0942
116,sent,0.09339
116,investment,0.09339
116,first,0.09339
115,future,0.09259
115,days,0.09259
113,see,0.09098
113,number,0.09098
112,save,0.09017
112,must,0.09017
112,fax,0.09017
112,easy,0.09017
111,services,0.08937
111,pay,0.08937
111,buy,0.08937
110,years,0.08856
110,web,0.08856
108,total,0.08695
108,simple,0.08695
108,available,0.08695
107,reply,0.08615
106,market,0.08534
105,well,0.08454
105,insurance,0.08454
105,country,0.08454
105,access,0.08454
104,financial,0.08373
102,way,0.08212
102,sites,0.08212
101,phone,0.08132
99,find,0.07971
98,looking,0.0789
97,step,0.07809
97,programs,0.07809
97,following,0.07809
97,account,0.07809
96,hours,0.07729
95,opportunity,0.07648
95,next,0.07648
95,even,0.07648
94,never,0.07568
93,thousands,0.07487
93,site,0.07487
93,risk,0.07487
93,complete,0.07487
91,system,0.07326
91,offers,0.07326
90,transaction,0.07246
90,month,0.07246
89,visit,0.07165
89,line,0.07165
88,without,0.07085
88,plus,0.07085
88,personal,0.07085
87,give,0.07004
86,names,0.06924
85,re,0.06843
85,legal,0.06843
85,keep,0.06843
84,subject,0.06763
84,sending,0.06763
83,security,0.06682
83,fill,0.06682
83,could,0.06682
82,weeks,0.06602
81,un,0.06521
81,opt,0.06521
80,membership,0.06441
80,et,0.06441
80,domain,0.06441
79,response,0.0636
79,required,0.0636
79,product,0.0636
79,includes,0.0636
78,trading,0.0628
78,professional,0.0628
78,mailings,0.0628
77,shipping,0.06199
77,products,0.06199
77,interest,0.06199
77,great,0.06199
77,back,0.06199
76,real,0.06119
76,low,0.06119
76,learn,0.06119
76,high,0.06119
75,removal,0.06038
75,ever,0.06038
75,en,0.06038
75,copy,0.06038
74,using,0.05958
74,users,0.05958
74,receiving,0.05958
74,companies,0.05958
73,purchase,0.05877
73,instructions,0.05877
73,full,0.05877
73,deal,0.05877
73,anyone,0.05877
72,yes,0.05797
72,week,0.05797
72,simply,0.05797
72,rates,0.05797
72,provide,0.05797
72,private,0.05797
72,months,0.05797
72,interested,0.05797
72,change,0.05797
72,bank,0.05797
71,sure,0.05716
71,card,0.05716
71,based,0.05716
70,let,0.05636
70,grant,0.05636
69,valuable,0.05555
69,old,0.05555
69,info,0.05555
68,world,0.05475
68,remember,0.05475
68,read,0.05475
68,fund,0.05475
68,family,0.05475
68,easily,0.05475
68,des,0.05475
68,absolutely,0.05475
67,making,0.05394
67,live,0.05394
67,letter,0.05394
67,last,0.05394
67,advertising,0.05394
66,put,0.05314
66,bulk,0.05314
65,two,0.05233
65,reports,0.05233
65,la,0.05233
65,group,0.05233
65,error,0.05233
65,city,0.05233
64,net,0.05153
64,follow,0.05153
64,dear,0.05153
64,check,0.05153
64,better,0.05153
63,sell,0.05072
63,good,0.05072
63,cost,0.05072
62,thank,0.04992
62,rate,0.04992
62,limited,0.04992
61,little,0.04911
61,contains,0.04911
60,subscription,0.04831
60,long,0.04831
60,drive,0.04831
60,direct,0.04831
60,allow,0.04831
59,states,0.0475
59,come,0.0475
59,assistance,0.0475
58,top,0.0467
58,father,0.0467
57,united,0.04589
57,protect,0.04589
57,invest,0.04589
57,immediately,0.04589
57,going,0.04589
57,believe,0.04589
56,important,0.04509
55,plan,0.04428
55,person,0.04428
55,paid,0.04428
55,office,0.04428
55,include,0.04428
55,five,0.04428
54,try,0.04348
54,started,0.04348
54,mortgage,0.04348
54,guarantee,0.04348
54,code,0.04348
53,support,0.04267
53,success,0.04267
53,sales,0.04267
53,request,0.04267
53,part,0.04267
53,black,0.04267
52,president,0.04187
52,pour,0.04187
52,lose,0.04187
52,less,0.04187
52,later,0.04187
52,hundreds,0.04187
52,federal,0.04187
52,earn,0.04187
52,currently,0.04187
52,box,0.04187
51,transfer,0.04106
51,news,0.04106
51,move,0.04106
51,member,0.04106
51,control,0.04106
51,adult,0.04106
50,value,0.04026
50,small,0.04026
50,policy,0.04026
50,least,0.04026
50,book,0.04026
49,since,0.03945
49,note,0.03945
49,current,0.03945
49,age,0.03945
48,working,0.03864
48,via,0.03864
48,say,0.03864
48,general,0.03864
48,course,0.03864
48,car,0.03864
47,show,0.03784
47,quick,0.03784
47,late,0.03784
47,different,0.03784
47,amount,0.03784
47,act,0.03784
46,search,0.03703
46,place,0.03703
46,numbers,0.03703
46,become,0.03703
45,video,0.03623
45,used,0.03623
45,term,0.03623
45,sum,0.03623
45,stock,0.03623
45,prices,0.03623
45,lifetime,0.03623
45,individuals,0.03623
45,due,0.03623
45,bonus,0.03623
44,registered,0.03542
44,packed,0.03542
44,package,0.03542
44,loan,0.03542
44,got,0.03542
44,fact,0.03542
43,unsolicited,0.03462
43,true,0.03462
43,successful,0.03462
43,mind,0.03462
43,feel,0.03462
43,feature,0.03462
43,case,0.03462
43,assist,0.03462
42,works,0.03381
42,six,0.03381
42,questions,0.03381
42,quality,0.03381
42,notice,0.03381
42,method,0.03381
42,claim,0.03381
42,apply,0.03381
42,ad,0.03381
41,still,0.03301
41,increase,0.03301
41,including,0.03301
41,content,0.03301
41,away,0.03301
41,always,0.03301
40,think,0.0322
40,self,0.0322
40,secret,0.0322
40,register,0.0322
40,possible,0.0322
40,nothing,0.0322
40,members,0.0322
40,instead,0.0322
40,industry,0.0322
40,communication,0.0322
40,approved,0.0322
40,another,0.0322
39,thing,0.0314
39,seen,0.0314
39,retail,0.0314
39,look,0.0314
39,friends,0.0314
39,foreign,0.0314
39,finally,0.0314
39,fees,0.0314
39,customers,0.0314
39,benefit,0.0314
38,type,0.03059
38,secure,0.03059
38,really,0.03059
38,process,0.03059
38,party,0.03059
38,millions,0.03059
38,lowest,0.03059
38,large,0.03059
38,friend,0.03059
38,da,0.03059
38,continue,0.03059
38,anything,0.03059
37,trust,0.02979
37,tell,0.02979
37,something,0.02979
37,said,0.02979
37,processing,0.02979
37,ordering,0.02979
37,national,0.02979
37,join,0.02979
37,independent,0.02979
37,decided,0.02979
37,data,0.02979
37,commission,0.02979
37,body,0.02979
37,around,0.02979
36,sincerely,0.02898
36,share,0.02898
36,ready,0.02898
36,profitable,0.02898
36,past,0.02898
36,lot,0.02898
36,international,0.02898
36,experience,0.02898
36,em,0.02898
36,coach,0.02898
36,answer,0.02898
35,understand,0.02818
35,son,0.02818
35,sir,0.02818
35,matter,0.02818
35,included,0.02818
35,forward,0.02818
35,estate,0.02818
35,client,0.02818
35,charge,0.02818
35,backup,0.02818
34,whether,0.02737
34,viruses,0.02737
34,telephone,0.02737
34,standard,0.02737
34,social,0.02737
34,sex,0.02737
34,loans,0.02737
34,huge,0.02737
34,however,0.02737
34,hard,0.02737
34,funds,0.02737
34,entire,0.02737
34,end,0.02737
34,daily,0.02737
34,already,0.02737
33,warranty,0.02657
33,training,0.02657
33,trade,0.02657
33,technology,0.02657
33,quote,0.02657
33,paper,0.02657
33,motivated,0.02657
33,minutes,0.02657
33,manual,0.02657
33,longer,0.02657
33,immediate,0.02657
33,growing,0.02657
33,given,0.02657
33,fortune,0.02657
33,effort,0.02657
33,done,0.02657
33,details,0.02657
33,came,0.02657
33,application,0.02657
32,toll,0.02576
32,property,0.02576
32,potential,0.02576
32,partner,0.02576
32,opportunities,0.02576
32,obligation,0.02576
32,coming,0.02576
32,cannot,0.02576
32,businesses,0.02576
32,bills,0.02576
31,suite,0.02496
31,south,0.02496
31,several,0.02496
31,set,0.02496
31,selling,0.02496
31,secrets,0.02496
31,run,0.02496
31,repair,0.02496
31,position,0.02496
31,page,0.02496
31,original,0.02496
31,instructed,0.02496
31,india,0.02496
31,idea,0.02496
31,fast,0.02496
31,enter,0.02496
31,discover,0.02496
31,bill,0.02496
31,anywhere,0.02496
30,whole,0.02415
30,utilities,0.02415
30,tools,0.02415
30,terms,0.02415
30,second,0.02415
30,regards,0.02415
30,reason,0.02415
30,payment,0.02415
30,others,0.02415
30,management,0.02415
30,intended,0.02415
30,everything,0.02415
30,delete,0.02415
30,contracts,0.02415
30,care,0.02415
30,advertisement,0.02415
30,ads,0.02415
29,waiting,0.02335
29,thousand,0.02335
29,results,0.02335
29,reading,0.02335
29,profit,0.02335
29,problems,0.02335
29,ordered,0.02335
29,opted,0.02335
29,knowledge,0.02335
29,health,0.02335
29,happy,0.02335
29,getting,0.02335
29,fee,0.02335
29,customer,0.02335
29,average,0.02335
28,women,0.02254
28,times,0.02254
28,subscribed,0.02254
28,sold,0.02254
28,shop,0.02254
28,school,0.02254
28,savings,0.02254
28,recently,0.02254
28,participate,0.02254
28,manager,0.02254
28,major,0.02254
28,involved,0.02254
28,edition,0.02254
28,choice,0.02254
28,botanical,0.02254
28,additional,0.02254
28,able,0.02254
27,yet,0.02174
27,write,0.02174
27,word,0.02174
27,wait,0.02174
27,upon,0.02174
27,trader,0.02174
27,therefore,0.02174
27,serious,0.02174
27,print,0.02174
27,male,0.02174
27,job,0.02174
27,instant,0.02174
27,insider,0.02174
27,found,0.02174
27,either,0.02174
27,countries,0.02174
27,compare,0.02174
27,accept,0.02174
26,thanks,0.02093
26,teach,0.02093
26,return,0.02093
26,public,0.02093
26,proposal,0.02093
26,paying,0.02093
26,needs,0.02093
26,moment,0.02093
26,laws,0.02093
26,hundred,0.02093
26,guides,0.02093
26,goes,0.02093
26,fastest,0.02093
26,extended,0.02093
26,exactly,0.02093
26,contract,0.02093
26,completely,0.02093
26,buying,0.02093
26,big,0.02093
26,attention,0.02093
26,association,0.02093
26,advantage,0.02093
25,zowie,0.02013
25,white,0.02013
25,view,0.02013
25,track,0.02013
25,tax,0.02013
25,superior,0.02013
25,soon,0.02013
25,someone,0.02013
25,shall,0.02013
25,rights,0.02013
25,republic,0.02013
25,reach,0.02013
25,qualified,0.02013
25,proven,0.02013
25,promotion,0.02013
25,perfect,0.02013
25,passed,0.02013
25,partners,0.02013
25,men,0.02013
25,living,0.02013
25,improvement,0.02013
25,hour,0.02013
25,generate,0.02013
25,fully,0.02013
25,enough,0.02013
25,deposited,0.02013
25,death,0.02013
25,date,0.02013
25,confidential,0.02013
25,clients,0.02013
25,center,0.02013
25,capital,0.02013
25,ask,0.02013
25,actually,0.02013
24,urgent,0.01932
24,thinking,0.01932
24,stop,0.01932
24,sign,0.01932
24,responded,0.01932
24,needed,0.01932
24,movies,0.01932
24,legally,0.01932
24,half,0.01932
24,forms,0.01932
24,face,0.01932
24,excellent,0.01932
24,deposit,0.01932
24,buyers,0.01932
24,billion,0.01932
24,attained,0.01932
23,young,0.01852
23,writing,0.01852
23,willing,0.01852
23,weight,0.01852
23,unwanted,0.01852
23,things,0.01852
23,test,0.01852
23,taken,0.01852
23,sweet,0.01852
23,signed,0.01852
23,resources,0.01852
23,qualify,0.01852
23,problem,0.01852
23,present,0.01852
23,panel,0.01852
23,owners,0.01852
23,open,0.01852
23,minute,0.01852
23,might,0.01852
23,means,0.01852
23,lists,0.01852
23,kindly,0.01852
23,husband,0.01852
23,hot,0.01852
23,guidelines,0.01852
23,extra,0.01852
23,excess,0.01852
23,compliance,0.01852
23,comes,0.01852
23,combined,0.01852
23,career,0.01852
23,auto,0.01852
23,along,0.01852
23,agent,0.01852
23,accepted,0.01852
22,three,0.01771
22,strongly,0.01771
22,statements,0.01771
22,seven,0.01771
22,profits,0.01771
22,plans,0.01771
22,newsletter,0.01771
22,natural,0.01771
22,moved,0.01771
22,makes,0.01771
22,level,0.01771
22,lenders,0.01771
22,kind,0.01771
22,improve,0.01771
22,hi,0.01771
22,girls,0.01771
22,files,0.01771
22,everyone,0.01771
22,display,0.01771
22,copyright,0.01771
22,confidence,0.01771
22,affiliate,0.01771
22,advice,0.01771
21,venture,0.01691
21,tobacco,0.01691
21,talk,0.01691
21,street,0.01691
21,store,0.01691
21,situation,0.01691
21,short,0.01691
21,securities,0.01691
21,sale,0.01691
21,research,0.01691
21,provided,0.01691
21,powerful,0.01691
21,postal,0.01691
21,performance,0.01691
21,love,0.01691
21,internal,0.01691
21,hence,0.01691
21,exchange,0.01691
21,example,0.01691
21,directed,0.01691
21,debt,0.01691
21,corporation,0.01691
21,community,0.01691
21,choose,0.01691
21,called,0.01691
21,bonuses,0.01691
21,auction,0.01691
21,area,0.01691
21,almost,0.01691
20,turn,0.0161
20,though,0.0161
20,strategies,0.0161
20,starting,0.0161
20,shows,0.0161
20,requests,0.0161
20,properties,0.0161
20,profiled,0.0161
20,probably,0.0161
20,premium,0.0161
20,poker,0.0161
20,point,0.0161
20,penis,0.0161
20,mailed,0.0161
20,listed,0.0161
20,four,0.0161
20,floppy,0.0161
20,farmers,0.0161
20,far,0.0161
20,fall,0.0161
20,discount,0.0161
20,department,0.0161
20,democratic,0.0161
20,delivery,0.0161
20,decide,0.0161
20,create,0.0161
20,correspondence,0.0161
20,congo,0.0161
20,comprehensive,0.0161
20,commissions,0.0161
20,chance,0.0161
20,cable,0.0161
20,build,0.0161
20,broker,0.0161
20,bottom,0.0161
20,books,0.0161
20,benefits,0.0161
20,beat,0.0161
20,avoid,0.0161
20,air,0.0161
20,add,0.0161
19,worldwide,0.0153
19,watch,0.0153
19,version,0.0153
19,valid,0.0153
19,tab,0.0153
19,specific,0.0153
19,section,0.0153
19,safely,0.0153
19,rich,0.0153
19,requesting,0.0153
19,power,0.0153
19,paste,0.0153
19,offering,0.0153
19,obtained,0.0153
19,millionaire,0.0153
19,loss,0.0153
19,investors,0.0153
19,interactive,0.0153
19,house,0.0153
19,hope,0.0153
19,happen,0.0153
19,fun,0.0153
19,figure,0.0153
19,events,0.0153
19,ensure,0.0153
19,education,0.0153
19,dollar,0.0153
19,digital,0.0153
19,died,0.0153
19,destructive,0.0153
19,cut,0.0153
19,count,0.0153
19,checks,0.0153
19,central,0.0153
19,cards,0.0153
19,brand,0.0153
19,annuity,0.0153
18,worth,0.01449
18,washington,0.01449
18,wanted,0.01449
18,tool,0.01449
18,took,0.01449
18,smoking,0.01449
18,safe,0.01449
18,refinance,0.01449
18,question,0.01449
18,prompt,0.01449
18,promise,0.01449
18,pricing,0.01449
18,post,0.01449
18,play,0.01449
18,payments,0.01449
18,par,0.01449
18,network,0.01449
18,master,0.01449
18,lower,0.01449
18,investing,0.01449
18,intro,0.01449
18,integral,0.01449
18,ideas,0.01449
18,honor,0.01449
18,grand,0.01449
18,farm,0.01449
18,expenses,0.01449
18,envelope,0.01449
18,employed,0.01449
18,earnings,0.01449
18,documents,0.01449
18,delay,0.01449
18,costs,0.01449
18,cooperation,0.01449
18,confidentiality,0.01449
18,class,0.01449
18,children,0.01449
18,browser,0.01449
18,beneficiary,0.01449
18,attorney,0.01449
18,although,0.01449
18,added,0.01449
18,accounts,0.01449
17,worst,0.01369
17,wonderful,0.01369
17,win,0.01369
17,ways,0.01369
17,vast,0.01369
17,user,0.01369
17,tried,0.01369
17,third,0.01369
17,technical,0.01369
17,road,0.01369
17,result,0.01369
17,respect,0.01369
17,prey,0.01369
17,porn,0.01369
17,pocket,0.01369
17,planning,0.01369
17,owner,0.01369
17,necessary,0.01369
17,mistakes,0.01369
17,miss,0.01369
17,media,0.01369
17,madam,0.01369
17,local,0.01369
17,left,0.01369
17,known,0.01369
17,hazardous,0.01369
17,game,0.01369
17,freedom,0.01369
17,firm,0.01369
17,extremely,0.01369
17,expect,0.01369
17,engines,0.01369
17,domains,0.01369
17,discovered,0.01369
17,director,0.01369
17,directly,0.01369
17,diagnostics,0.01369
17,commercial,0.01369
17,claims,0.01369
17,charges,0.01369
17,asp,0.01369
17,apologies,0.01369
17,aid,0.01369
17,agents,0.01369
17,advertise,0.01369
16,windows,0.01288
16,wealth,0.01288
16,tremendous,0.01288
16,totally,0.01288
16,skills,0.01288
16,shape,0.01288
16,release,0.01288
16,recommendation,0.01288
16,quotes,0.01288
16,popular,0.01288
16,pamphlet,0.01288
16,negative,0.01288
16,na,0.01288
16,movie,0.01288
16,mother,0.01288
16,manage,0.01288
16,man,0.01288
16,limit,0.01288
16,leave,0.01288
16,joined,0.01288
16,john,0.01288
16,issued,0.01288
16,id,0.01288
16,hidden,0.01288
16,forum,0.01288
16,followed,0.01288
16,financially,0.01288
16,excluded,0.01288
16,currency,0.01288
16,contained,0.01288
16,congratulations,0.01288
16,colleagues,0.01288
16,clicking,0.01288
16,child,0.01288
16,campaign,0.01288
16,bottle,0.01288
16,alone,0.01288
16,advertisers,0.01288
16,action,0.01288
15,whose,0.01208
15,west,0.01208
15,weekly,0.01208
15,truth,0.01208
15,told,0.01208
15,title,0.01208
15,tips,0.01208
15,testimonials,0.01208
15,teen,0.01208
15,takes,0.01208
15,super,0.01208
15,subscribers,0.01208
15,subscriber,0.01208
15,similar,0.01208
15,shown,0.01208
15,sheets,0.01208
15,sensitive,0.01208
15,rest,0.01208
15,require,0.01208
15,regular,0.01208
15,regarding,0.01208
15,recording,0.01208
15,privacy,0.01208
15,password,0.01208
15,notified,0.01208
15,north,0.01208
15,monthly,0.01208
15,minimum,0.01208
15,military,0.01208
15,mean,0.01208
15,materials,0.01208
15,largest,0.01208
15,larger,0.01208
15,kit,0.01208
15,introduce,0.01208
15,instruction,0.01208
15,initial,0.01208
15,held,0.01208
15,heard,0.01208
15,god,0.01208
15,ghetto,0.01208
15,file,0.01208
15,female,0.01208
15,exciting,0.01208
15,exact,0.01208
15,equity,0.01208
15,electronic,0.01208
15,effective,0.01208
15,economic,0.01208
15,drops,0.01208
15,development,0.01208
15,contacts,0.01208
15,consignment,0.01208
15,cancer,0.01208
15,california,0.01208
15,boxes,0.01208
15,beautiful,0.01208
15,basic,0.01208
15,bad,0.01208
15,aqueous,0.01208
15,alter,0.01208
15,aging,0.01208
14,wholesale,0.01127
14,train,0.01127
14,thought,0.01127
14,team,0.01127
14,taking,0.01127
14,tablets,0.01127
14,strictly,0.01127
14,steps,0.01127
14,stated,0.01127
14,sound,0.01127
14,solutions,0.01127
14,size,0.01127
14,shopping,0.01127
14,shares,0.01127
14,settlement,0.01127
14,server,0.01127
14,select,0.01127
14,satisfaction,0.01127
14,revenues,0.01127
14,residents,0.01127
14,purpose,0.01127
14,pro,0.01127
14,previously,0.01127
14,presently,0.01127
14,pounds,0.01127
14,postage,0.01127
14,political,0.01127
14,placing,0.01127
14,pipe,0.01127
14,pa,0.01127
14,overlook,0.01127
14,oil,0.01127
14,none,0.01127
14,ministry,0.01127
14,maybe,0.01127
14,links,0.01127
14,law,0.01127
14,instantly,0.01127
14,inconvenience,0.01127
14,herb,0.01127
14,hand,0.01127
14,forty,0.01127
14,finance,0.01127
14,fair,0.01127
14,facts,0.01127
14,exercise,0.01127
14,euros,0.01127
14,else,0.01127
14,discovery,0.01127
14,desire,0.01127
14,custom,0.01127
14,corporate,0.01127
14,consulting,0.01127
14,condone,0.01127
14,close,0.01127
14,carefully,0.01127
14,boy,0.01127
14,biggest,0.01127
14,assume,0.01127
14,agencies,0.01127
14,ability,0.01127
13,won,0.01047
13,wealthy,0.01047
13,trial,0.01047
13,thirty,0.01047
13,surprised,0.01047
13,stories,0.01047
13,stocks,0.01047
13,staggering,0.01047
13,specialist,0.01047
13,space,0.01047
13,sources,0.01047
13,source,0.01047
13,society,0.01047
13,smokers,0.01047
13,serial,0.01047
13,responses,0.01047
13,reference,0.01047
13,ref,0.01047
13,reasons,0.01047
13,quickly,0.01047
13,policies,0.01047
13,playing,0.01047
13,personally,0.01047
13,period,0.01047
13,pass,0.01047
13,parties,0.01047
13,pamphlets,0.01047
13,often,0.01047
13,nature,0.01047
13,managing,0.01047
13,losing,0.01047
13,li,0.01047
13,jersey,0.01047
13,issue,0.01047
13,incredible,0.01047
13,illegal,0.01047
13,housing,0.01047
13,hackers,0.01047
13,gets,0.01047
13,generation,0.01047
13,front,0.01047
13,force,0.01047
13,features,0.01047
13,expense,0.01047
13,existing,0.01047
13,event,0.01047
13,dieting,0.01047
13,detailed,0.01047
13,delivered,0.01047
13,coverage,0.01047
13,counting,0.01047
13,conference,0.01047
13,competitive,0.01047
13,college,0.01047
13,club,0.01047
13,classified,0.01047
13,civil,0.01047
13,cigarettes,0.01047
13,cents,0.01047
13,cases,0.01047
13,cams,0.01047
13,behind,0.01047
13,apologize,0.01047
13,anytime,0.01047
13,amounts,0.01047
13,amazing,0.01047
13,according,0.01047
13,abuse,0.01047
12,zip,0.00966
12,worry,0.00966
12,winning,0.00966
12,wife,0.00966
12,twenty,0.00966
12,trying,0.00966
12,transferred,0.00966
12,suggest,0.00966
12,substantial,0.00966
12,stud,0.00966
12,strong,0.00966
12,smoker,0.00966
12,sexual,0.00966
12,resell,0.00966
12,requirements,0.00966
12,relevant,0.00966
12,related,0.00966
12,reached,0.00966
12,rated,0.00966
12,purchased,0.00966
12,publishing,0.00966
12,publish,0.00966
12,providing,0.00966
12,protection,0.00966
12,proposed,0.00966
12,project,0.00966
12,primary,0.00966
12,popularity,0.00966
12,plug,0.00966
12,places,0.00966
12,placed,0.00966
12,photo,0.00966
12,partnership,0.00966
12,obtaining,0.00966
12,modalities,0.00966
12,mobile,0.00966
12,medium,0.00966
12,machine,0.00966
12,lessons,0.00966
12,legitimate,0.00966
12,land,0.00966
12,key,0.00966
12,investor,0.00966
12,investments,0.00966
12,input,0.00966
12,indicate,0.00966
12,giving,0.00966
12,finding,0.00966
12,feeling,0.00966
12,experts,0.00966
12,expand,0.00966
12,euro,0.00966
12,equipment,0.00966
12,entertainment,0.00966
12,enjoy,0.00966
12,energetic,0.00966
12,enable,0.00966
12,employment,0.00966
12,difference,0.00966
12,deserve,0.00966
12,deleted,0.00966
12,cum,0.00966
12,created,0.00966
12,cover,0.00966
12,consumer,0.00966
12,concluded,0.00966
12,coast,0.00966
12,burning,0.00966
12,burn,0.00966
12,bucks,0.00966
12,bit,0.00966
12,begin,0.00966
12,base,0.00966
12,automatically,0.00966
12,asked,0.00966
12,arrangement,0.00966
12,applications,0.00966
12,appears,0.00966
12,alternative,0.00966
12,agreed,0.00966
12,affiliated,0.00966
12,advised,0.00966
11,worked,0.00886
11,wine,0.00886
11,went,0.00886
11,waste,0.00886
11,virus,0.00886
11,travel,0.00886
11,tired,0.00886
11,text,0.00886
11,ten,0.00886
11,table,0.00886
11,supplies,0.00886
11,slim,0.00886
11,senior,0.00886
11,seem,0.00886
11,respond,0.00886
11,requires,0.00886
11,remote,0.00886
11,registration,0.00886
11,refinancing,0.00886
11,recent,0.00886
11,provides,0.00886
11,proper,0.00886
11,printer,0.00886
11,presented,0.00886
11,premiums,0.00886
11,potent,0.00886
11,poor,0.00886
11,offered,0.00886
11,minimal,0.00886
11,methods,0.00886
11,messages,0.00886
11,meet,0.00886
11,medical,0.00886
11,meaning,0.00886
11,mass,0.00886
11,marked,0.00886
11,mailer,0.00886
11,luck,0.00886
11,lost,0.00886
11,kids,0.00886
11,kept,0.00886
11,joseph,0.00886
11,islands,0.00886
11,intelligence,0.00886
11,ignored,0.00886
11,hosting,0.00886
11,herbal,0.00886
11,helped,0.00886
11,hearing,0.00886
11,hear,0.00886
11,head,0.00886
11,handling,0.00886
11,greatest,0.00886
11,forget,0.00886
11,fire,0.00886
11,ferocity,0.00886
11,expert,0.00886
11,environmental,0.00886
11,eligible,0.00886
11,drugs,0.00886
11,drug,0.00886
11,draft,0.00886
11,double,0.00886
11,distribution,0.00886
11,disk,0.00886
11,directory,0.00886
11,decision,0.00886
11,congress,0.00886
11,common,0.00886
11,citizens,0.00886
11,china,0.00886
11,cheap,0.00886
11,channels,0.00886
11,certified,0.00886
11,certain,0.00886
11,cause,0.00886
11,button,0.00886
11,burner,0.00886
11,bless,0.00886
11,anybody,0.00886
11,anti,0.00886
11,airport,0.00886
11,actual,0.00886
11,activities,0.00886
11,acquire
